instance,npc_id,enUS,deDE,status,checked,wowhead_en,wowhead_de,notes
entries,17259,Bonechewer Hungerer,Bonechewer Hungerer,todo,false,https://www.wowhead.com/tbc/npc=17259,https://www.wowhead.com/tbc/de/npc=17259,
entries,17264,Bonechewer Ravener,Bonechewer Ravener,todo,false,https://www.wowhead.com/tbc/npc=17264,https://www.wowhead.com/tbc/de/npc=17264,
entries,17269,Bleeding Hollow Darkcaster,Bleeding Hollow Darkcaster,todo,false,https://www.wowhead.com/tbc/npc=17269,https://www.wowhead.com/tbc/de/npc=17269,
entries,17270,Bleeding Hollow Archer,Bleeding Hollow Archer,todo,false,https://www.wowhead.com/tbc/npc=17270,https://www.wowhead.com/tbc/de/npc=17270,
entries,17271,Bonechewer Destroyer,Bonechewer Destroyer,todo,false,https://www.wowhead.com/tbc/npc=17271,https://www.wowhead.com/tbc/de/npc=17271,
entries,17280,Shattered Hand Warhound,Shattered Hand Warhound,todo,false,https://www.wowhead.com/tbc/npc=17280,https://www.wowhead.com/tbc/de/npc=17280,
entries,17281,Bonechewer Ripper,Bonechewer Ripper,todo,false,https://www.wowhead.com/tbc/npc=17281,https://www.wowhead.com/tbc/de/npc=17281,
entries,17309,Hellfire Watcher,Hellfire Watcher,todo,false,https://www.wowhead.com/tbc/npc=17309,https://www.wowhead.com/tbc/de/npc=17309,
entries,17455,Bonechewer Beastmaster,Bonechewer Beastmaster,todo,false,https://www.wowhead.com/tbc/npc=17455,https://www.wowhead.com/tbc/de/npc=17455,
entries,17478,Bleeding Hollow Scryer,Bleeding Hollow Scryer,todo,false,https://www.wowhead.com/tbc/npc=17478,https://www.wowhead.com/tbc/de/npc=17478,
entries,17517,Hellfire Sentry,Hellfire Sentry,todo,false,https://www.wowhead.com/tbc/npc=17517,https://www.wowhead.com/tbc/de/npc=17517,
entries,17540,Fiendish Hound,Fiendish Hound,todo,false,https://www.wowhead.com/tbc/npc=17540,https://www.wowhead.com/tbc/de/npc=17540,
entries,17370,Laughing Skull Enforcer,Laughing Skull Enforcer,todo,false,https://www.wowhead.com/tbc/npc=17370,https://www.wowhead.com/tbc/de/npc=17370,
entries,17371,Shadowmoon Warlock,Shadowmoon Warlock,todo,false,https://www.wowhead.com/tbc/npc=17371,https://www.wowhead.com/tbc/de/npc=17371,
entries,17395,Shadowmoon Summoner,Shadowmoon Summoner,todo,false,https://www.wowhead.com/tbc/npc=17395,https://www.wowhead.com/tbc/de/npc=17395,
entries,17397,Shadowmoon Adept,Shadowmoon Adept,todo,false,https://www.wowhead.com/tbc/npc=17397,https://www.wowhead.com/tbc/de/npc=17397,
entries,17398,Nascent Fel Orc,Nascent Fel Orc,todo,false,https://www.wowhead.com/tbc/npc=17398,https://www.wowhead.com/tbc/de/npc=17398,
entries,17399,Seductress,Seductress,todo,false,https://www.wowhead.com/tbc/npc=17399,https://www.wowhead.com/tbc/de/npc=17399,
entries,17400,Felguard Annihilator,Felguard Annihilator,todo,false,https://www.wowhead.com/tbc/npc=17400,https://www.wowhead.com/tbc/de/npc=17400,
entries,17401,Felhound Manastalker,Felhound Manastalker,todo,false,https://www.wowhead.com/tbc/npc=17401,https://www.wowhead.com/tbc/de/npc=17401,
entries,17414,Shadowmoon Technician,Shadowmoon Technician,todo,false,https://www.wowhead.com/tbc/npc=17414,https://www.wowhead.com/tbc/de/npc=17414,
entries,17429,Fel Orc Neophyte,Fel Orc Neophyte,todo,false,https://www.wowhead.com/tbc/npc=17429,https://www.wowhead.com/tbc/de/npc=17429,
entries,17477,Hellfire Imp,Hellfire Imp,todo,false,https://www.wowhead.com/tbc/npc=17477,https://www.wowhead.com/tbc/de/npc=17477,
entries,17491,Laughing Skull Rogue,Laughing Skull Rogue,todo,false,https://www.wowhead.com/tbc/npc=17491,https://www.wowhead.com/tbc/de/npc=17491,
entries,17624,Laughing Skull Warden,Laughing Skull Warden,todo,false,https://www.wowhead.com/tbc/npc=17624,https://www.wowhead.com/tbc/de/npc=17624,
entries,17626,Laughing Skull Legionnaire,Laughing Skull Legionnaire,todo,false,https://www.wowhead.com/tbc/npc=17626,https://www.wowhead.com/tbc/de/npc=17626,
entries,17653,Shadowmoon Channeler,Shadowmoon Channeler,todo,false,https://www.wowhead.com/tbc/npc=17653,https://www.wowhead.com/tbc/de/npc=17653,
entries,18894,Felguard Brute,Felguard Brute,todo,false,https://www.wowhead.com/tbc/npc=18894,https://www.wowhead.com/tbc/de/npc=18894,
entries,19016,Hellfire Familiar,Hellfire Familiar,todo,false,https://www.wowhead.com/tbc/npc=19016,https://www.wowhead.com/tbc/de/npc=19016,
entries,18441,Stolen Soul,Stolen Soul,todo,false,https://www.wowhead.com/tbc/npc=18441,https://www.wowhead.com/tbc/de/npc=18441,
entries,18478,Avatar of the Martyred,Avatar of the Martyred,todo,false,https://www.wowhead.com/tbc/npc=18478,https://www.wowhead.com/tbc/de/npc=18478,
entries,18493,Auchenai Soulpriest,Auchenai Soulpriest,todo,false,https://www.wowhead.com/tbc/npc=18493,https://www.wowhead.com/tbc/de/npc=18493,
entries,18495,Auchenai Vindicator,Auchenai Vindicator,todo,false,https://www.wowhead.com/tbc/npc=18495,https://www.wowhead.com/tbc/de/npc=18495,
entries,18497,Auchenai Monk,Auchenai Monk,todo,false,https://www.wowhead.com/tbc/npc=18497,https://www.wowhead.com/tbc/de/npc=18497,
entries,18498,Unliving Soldier,Unliving Soldier,todo,false,https://www.wowhead.com/tbc/npc=18498,https://www.wowhead.com/tbc/de/npc=18498,
entries,18499,Unliving Sorcerer,Unliving Sorcerer,todo,false,https://www.wowhead.com/tbc/npc=18499,https://www.wowhead.com/tbc/de/npc=18499,
entries,18500,Unliving Cleric,Unliving Cleric,todo,false,https://www.wowhead.com/tbc/npc=18500,https://www.wowhead.com/tbc/de/npc=18500,
entries,18501,Unliving Stalker,Unliving Stalker,todo,false,https://www.wowhead.com/tbc/npc=18501,https://www.wowhead.com/tbc/de/npc=18501,
entries,18503,Phantasmal Possessor,Phantasmal Possessor,todo,false,https://www.wowhead.com/tbc/npc=18503,https://www.wowhead.com/tbc/de/npc=18503,
entries,18506,Raging Soul,Raging Soul,todo,false,https://www.wowhead.com/tbc/npc=18506,https://www.wowhead.com/tbc/de/npc=18506,
entries,18521,Raging Skeleton,Raging Skeleton,todo,false,https://www.wowhead.com/tbc/npc=18521,https://www.wowhead.com/tbc/de/npc=18521,
entries,18524,Angered Skeleton,Angered Skeleton,todo,false,https://www.wowhead.com/tbc/npc=18524,https://www.wowhead.com/tbc/de/npc=18524,
entries,18556,Phasing Soldier,Phasing Soldier,todo,false,https://www.wowhead.com/tbc/npc=18556,https://www.wowhead.com/tbc/de/npc=18556,
entries,18557,Phasing Cleric,Phasing Cleric,todo,false,https://www.wowhead.com/tbc/npc=18557,https://www.wowhead.com/tbc/de/npc=18557,
entries,18558,Phasing Sorcerer,Phasing Sorcerer,todo,false,https://www.wowhead.com/tbc/npc=18558,https://www.wowhead.com/tbc/de/npc=18558,
entries,18559,Phasing Stalker,Phasing Stalker,todo,false,https://www.wowhead.com/tbc/npc=18559,https://www.wowhead.com/tbc/de/npc=18559,
entries,18700,Reanimated Bones,Reanimated Bones,todo,false,https://www.wowhead.com/tbc/npc=18700,https://www.wowhead.com/tbc/de/npc=18700,
entries,18702,Auchenai Necromancer,Auchenai Necromancer,todo,false,https://www.wowhead.com/tbc/npc=18702,https://www.wowhead.com/tbc/de/npc=18702,
entries,18318,Sethekk Initiate,Sethekk Initiate,todo,false,https://www.wowhead.com/tbc/npc=18318,https://www.wowhead.com/tbc/de/npc=18318,
entries,18319,Time-Lost Scryer,Time-Lost Scryer,todo,false,https://www.wowhead.com/tbc/npc=18319,https://www.wowhead.com/tbc/de/npc=18319,
entries,18320,Time-Lost Shadowmage,Time-Lost Shadowmage,todo,false,https://www.wowhead.com/tbc/npc=18320,https://www.wowhead.com/tbc/de/npc=18320,
entries,18321,Sethekk Talon Lord,Sethekk Talon Lord,todo,false,https://www.wowhead.com/tbc/npc=18321,https://www.wowhead.com/tbc/de/npc=18321,
entries,18322,Sethekk Ravenguard,Sethekk Ravenguard,todo,false,https://www.wowhead.com/tbc/npc=18322,https://www.wowhead.com/tbc/de/npc=18322,
entries,18323,Sethekk Guard,Sethekk Guard,todo,false,https://www.wowhead.com/tbc/npc=18323,https://www.wowhead.com/tbc/de/npc=18323,
entries,18325,Sethekk Prophet,Sethekk Prophet,todo,false,https://www.wowhead.com/tbc/npc=18325,https://www.wowhead.com/tbc/de/npc=18325,
entries,18326,Sethekk Shaman,Sethekk Shaman,todo,false,https://www.wowhead.com/tbc/npc=18326,https://www.wowhead.com/tbc/de/npc=18326,
entries,18327,Time-Lost Controller,Time-Lost Controller,todo,false,https://www.wowhead.com/tbc/npc=18327,https://www.wowhead.com/tbc/de/npc=18327,
entries,18328,Sethekk Oracle,Sethekk Oracle,todo,false,https://www.wowhead.com/tbc/npc=18328,https://www.wowhead.com/tbc/de/npc=18328,
entries,18701,Dark Vortex,Dark Vortex,todo,false,https://www.wowhead.com/tbc/npc=18701,https://www.wowhead.com/tbc/de/npc=18701,
entries,19203,Syth Fire Elemental,Syth Fire Elemental,todo,false,https://www.wowhead.com/tbc/npc=19203,https://www.wowhead.com/tbc/de/npc=19203,
entries,19204,Syth Frost Elemental,Syth Frost Elemental,todo,false,https://www.wowhead.com/tbc/npc=19204,https://www.wowhead.com/tbc/de/npc=19204,
entries,19205,Syth Arcane Elemental,Syth Arcane Elemental,todo,false,https://www.wowhead.com/tbc/npc=19205,https://www.wowhead.com/tbc/de/npc=19205,
entries,19206,Syth Shadow Elemental,Syth Shadow Elemental,todo,false,https://www.wowhead.com/tbc/npc=19206,https://www.wowhead.com/tbc/de/npc=19206,
entries,19428,Cobalt Serpent,Cobalt Serpent,todo,false,https://www.wowhead.com/tbc/npc=19428,https://www.wowhead.com/tbc/de/npc=19428,
entries,19429,Avian Darkhawk,Avian Darkhawk,todo,false,https://www.wowhead.com/tbc/npc=19429,https://www.wowhead.com/tbc/de/npc=19429,
entries,20343,Charming Totem,Charming Totem,todo,false,https://www.wowhead.com/tbc/npc=20343,https://www.wowhead.com/tbc/de/npc=20343,
entries,21891,Avian Ripper,Avian Ripper,todo,false,https://www.wowhead.com/tbc/npc=21891,https://www.wowhead.com/tbc/de/npc=21891,
entries,21904,Avian Warhawk,Avian Warhawk,todo,false,https://www.wowhead.com/tbc/npc=21904,https://www.wowhead.com/tbc/de/npc=21904,
entries,18631,Cabal Cultist,Cabal Cultist,todo,false,https://www.wowhead.com/tbc/npc=18631,https://www.wowhead.com/tbc/de/npc=18631,
entries,18632,Cabal Executioner,Cabal Executioner,todo,false,https://www.wowhead.com/tbc/npc=18632,https://www.wowhead.com/tbc/de/npc=18632,
entries,18633,Cabal Acolyte,Cabal Acolyte,todo,false,https://www.wowhead.com/tbc/npc=18633,https://www.wowhead.com/tbc/de/npc=18633,
entries,18634,Cabal Summoner,Cabal Summoner,todo,false,https://www.wowhead.com/tbc/npc=18634,https://www.wowhead.com/tbc/de/npc=18634,
entries,18635,Cabal Deathsworn,Cabal Deathsworn,todo,false,https://www.wowhead.com/tbc/npc=18635,https://www.wowhead.com/tbc/de/npc=18635,
entries,18636,Cabal Assassin,Cabal Assassin,todo,false,https://www.wowhead.com/tbc/npc=18636,https://www.wowhead.com/tbc/de/npc=18636,
entries,18637,Cabal Shadow Priest,Cabal Shadow Priest,todo,false,https://www.wowhead.com/tbc/npc=18637,https://www.wowhead.com/tbc/de/npc=18637,
entries,18638,Cabal Zealot,Cabal Zealot,todo,false,https://www.wowhead.com/tbc/npc=18638,https://www.wowhead.com/tbc/de/npc=18638,
entries,18639,Cabal Spellbinder,Cabal Spellbinder,todo,false,https://www.wowhead.com/tbc/npc=18639,https://www.wowhead.com/tbc/de/npc=18639,
entries,18640,Cabal Warlock,Cabal Warlock,todo,false,https://www.wowhead.com/tbc/npc=18640,https://www.wowhead.com/tbc/de/npc=18640,
entries,18641,Cabal Familiar,Cabal Familiar,todo,false,https://www.wowhead.com/tbc/npc=18641,https://www.wowhead.com/tbc/de/npc=18641,
entries,18642,Maiden of Discipline,Maiden of Discipline,todo,false,https://www.wowhead.com/tbc/npc=18642,https://www.wowhead.com/tbc/de/npc=18642,
entries,18663,Maiden of Discipline,Maiden of Discipline,todo,false,https://www.wowhead.com/tbc/npc=18663,https://www.wowhead.com/tbc/de/npc=18663,
entries,18794,Cabal Ritualist,Cabal Ritualist,todo,false,https://www.wowhead.com/tbc/npc=18794,https://www.wowhead.com/tbc/de/npc=18794,
entries,18796,Fel Overseer,Fel Overseer,todo,false,https://www.wowhead.com/tbc/npc=18796,https://www.wowhead.com/tbc/de/npc=18796,
entries,18797,Tortured Skeleton,Tortured Skeleton,todo,false,https://www.wowhead.com/tbc/npc=18797,https://www.wowhead.com/tbc/de/npc=18797,
entries,18830,Cabal Fanatic,Cabal Fanatic,todo,false,https://www.wowhead.com/tbc/npc=18830,https://www.wowhead.com/tbc/de/npc=18830,
entries,18848,Malicious Instructor,Malicious Instructor,todo,false,https://www.wowhead.com/tbc/npc=18848,https://www.wowhead.com/tbc/de/npc=18848,
entries,19208,Summoned Cabal Acolyte,Summoned Cabal Acolyte,todo,false,https://www.wowhead.com/tbc/npc=19208,https://www.wowhead.com/tbc/de/npc=19208,
entries,19209,Summoned Cabal Deathsworn,Summoned Cabal Deathsworn,todo,false,https://www.wowhead.com/tbc/npc=19209,https://www.wowhead.com/tbc/de/npc=19209,
entries,19226,Void Traveler,Void Traveler,todo,false,https://www.wowhead.com/tbc/npc=19226,https://www.wowhead.com/tbc/de/npc=19226,
entries,22890,First Fragment Guardian,First Fragment Guardian,todo,false,https://www.wowhead.com/tbc/npc=22890,https://www.wowhead.com/tbc/de/npc=22890,
entries,15547,Spectral Charger,Spectral Charger,todo,false,https://www.wowhead.com/tbc/npc=15547,https://www.wowhead.com/tbc/de/npc=15547,
entries,15548,Spectral Stallion,Spectral Stallion,todo,false,https://www.wowhead.com/tbc/npc=15548,https://www.wowhead.com/tbc/de/npc=15548,
entries,15551,Spectral Stable Hand,Spectral Stable Hand,todo,false,https://www.wowhead.com/tbc/npc=15551,https://www.wowhead.com/tbc/de/npc=15551,
entries,16170,Coldmist Stalker,Coldmist Stalker,todo,false,https://www.wowhead.com/tbc/npc=16170,https://www.wowhead.com/tbc/de/npc=16170,
entries,16171,Coldmist Widow,Coldmist Widow,todo,false,https://www.wowhead.com/tbc/npc=16171,https://www.wowhead.com/tbc/de/npc=16171,
entries,16173,Shadowbat,Shadowbat,todo,false,https://www.wowhead.com/tbc/npc=16173,https://www.wowhead.com/tbc/de/npc=16173,
entries,16174,Greater Shadowbat,Greater Shadowbat,todo,false,https://www.wowhead.com/tbc/npc=16174,https://www.wowhead.com/tbc/de/npc=16174,
entries,16175,Vampiric Shadowbat,Vampiric Shadowbat,todo,false,https://www.wowhead.com/tbc/npc=16175,https://www.wowhead.com/tbc/de/npc=16175,
entries,16176,Shadowbeast,Shadowbeast,todo,false,https://www.wowhead.com/tbc/npc=16176,https://www.wowhead.com/tbc/de/npc=16176,
entries,16177,Dreadbeast,Dreadbeast,todo,false,https://www.wowhead.com/tbc/npc=16177,https://www.wowhead.com/tbc/de/npc=16177,
entries,16178,Phase Hound,Phase Hound,todo,false,https://www.wowhead.com/tbc/npc=16178,https://www.wowhead.com/tbc/de/npc=16178,
entries,16389,Spectral Apprentice,Spectral Apprentice,todo,false,https://www.wowhead.com/tbc/npc=16389,https://www.wowhead.com/tbc/de/npc=16389,
entries,16406,Phantom Attendant,Phantom Attendant,todo,false,https://www.wowhead.com/tbc/npc=16406,https://www.wowhead.com/tbc/de/npc=16406,
entries,16407,Spectral Servant,Spectral Servant,todo,false,https://www.wowhead.com/tbc/npc=16407,https://www.wowhead.com/tbc/de/npc=16407,
entries,16408,Phantom Valet,Phantom Valet,todo,false,https://www.wowhead.com/tbc/npc=16408,https://www.wowhead.com/tbc/de/npc=16408,
entries,16409,Phantom Guest,Phantom Guest,todo,false,https://www.wowhead.com/tbc/npc=16409,https://www.wowhead.com/tbc/de/npc=16409,
entries,16410,Spectral Retainer,Spectral Retainer,todo,false,https://www.wowhead.com/tbc/npc=16410,https://www.wowhead.com/tbc/de/npc=16410,
entries,16411,Spectral Chef,Spectral Chef,todo,false,https://www.wowhead.com/tbc/npc=16411,https://www.wowhead.com/tbc/de/npc=16411,
entries,16412,Ghostly Baker,Ghostly Baker,todo,false,https://www.wowhead.com/tbc/npc=16412,https://www.wowhead.com/tbc/de/npc=16412,
entries,16414,Ghostly Steward,Ghostly Steward,todo,false,https://www.wowhead.com/tbc/npc=16414,https://www.wowhead.com/tbc/de/npc=16414,
entries,16415,Skeletal Waiter,Skeletal Waiter,todo,false,https://www.wowhead.com/tbc/npc=16415,https://www.wowhead.com/tbc/de/npc=16415,
entries,16424,Spectral Sentry,Spectral Sentry,todo,false,https://www.wowhead.com/tbc/npc=16424,https://www.wowhead.com/tbc/de/npc=16424,
entries,16425,Phantom Guardsman,Phantom Guardsman,todo,false,https://www.wowhead.com/tbc/npc=16425,https://www.wowhead.com/tbc/de/npc=16425,
entries,16459,Wanton Hostess,Wanton Hostess,todo,false,https://www.wowhead.com/tbc/npc=16459,https://www.wowhead.com/tbc/de/npc=16459,
entries,16460,Night Mistress,Night Mistress,todo,false,https://www.wowhead.com/tbc/npc=16460,https://www.wowhead.com/tbc/de/npc=16460,
entries,16461,Concubine,Concubine,todo,false,https://www.wowhead.com/tbc/npc=16461,https://www.wowhead.com/tbc/de/npc=16461,
entries,16468,Spectral Patron,Spectral Patron,todo,false,https://www.wowhead.com/tbc/npc=16468,https://www.wowhead.com/tbc/de/npc=16468,
entries,16470,Ghostly Philanthropist,Ghostly Philanthropist,todo,false,https://www.wowhead.com/tbc/npc=16470,https://www.wowhead.com/tbc/de/npc=16470,
entries,16471,Skeletal Usher,Skeletal Usher,todo,false,https://www.wowhead.com/tbc/npc=16471,https://www.wowhead.com/tbc/de/npc=16471,
entries,16472,Phantom Stagehand,Phantom Stagehand,todo,false,https://www.wowhead.com/tbc/npc=16472,https://www.wowhead.com/tbc/de/npc=16472,
entries,16473,Spectral Performer,Spectral Performer,todo,false,https://www.wowhead.com/tbc/npc=16473,https://www.wowhead.com/tbc/de/npc=16473,
entries,16481,Ghastly Haunt,Ghastly Haunt,todo,false,https://www.wowhead.com/tbc/npc=16481,https://www.wowhead.com/tbc/de/npc=16481,
entries,16482,Trapped Soul,Trapped Soul,todo,false,https://www.wowhead.com/tbc/npc=16482,https://www.wowhead.com/tbc/de/npc=16482,
entries,16485,Arcane Watchman,Arcane Watchman,todo,false,https://www.wowhead.com/tbc/npc=16485,https://www.wowhead.com/tbc/de/npc=16485,
entries,16488,Arcane Anomaly,Arcane Anomaly,todo,false,https://www.wowhead.com/tbc/npc=16488,https://www.wowhead.com/tbc/de/npc=16488,
entries,16489,Chaotic Sentience,Chaotic Sentience,todo,false,https://www.wowhead.com/tbc/npc=16489,https://www.wowhead.com/tbc/de/npc=16489,
entries,16491,Mana Feeder,Mana Feeder,todo,false,https://www.wowhead.com/tbc/npc=16491,https://www.wowhead.com/tbc/de/npc=16491,
entries,16492,Syphoner,Syphoner,todo,false,https://www.wowhead.com/tbc/npc=16492,https://www.wowhead.com/tbc/de/npc=16492,
entries,16504,Arcane Protector,Arcane Protector,todo,false,https://www.wowhead.com/tbc/npc=16504,https://www.wowhead.com/tbc/de/npc=16504,
entries,16525,Ethereal Spellfilcher,Ethereal Spellfilcher,todo,false,https://www.wowhead.com/tbc/npc=16525,https://www.wowhead.com/tbc/de/npc=16525,
entries,16526,Sorcerous Shade,Sorcerous Shade,todo,false,https://www.wowhead.com/tbc/npc=16526,https://www.wowhead.com/tbc/de/npc=16526,
entries,16529,Magical Horror,Magical Horror,todo,false,https://www.wowhead.com/tbc/npc=16529,https://www.wowhead.com/tbc/de/npc=16529,
entries,16530,Mana Warp,Mana Warp,todo,false,https://www.wowhead.com/tbc/npc=16530,https://www.wowhead.com/tbc/de/npc=16530,
entries,16539,Homunculus,Homunculus,todo,false,https://www.wowhead.com/tbc/npc=16539,https://www.wowhead.com/tbc/de/npc=16539,
entries,16540,Shadow Pillager,Shadow Pillager,todo,false,https://www.wowhead.com/tbc/npc=16540,https://www.wowhead.com/tbc/de/npc=16540,
entries,16544,Ethereal Thief,Ethereal Thief,todo,false,https://www.wowhead.com/tbc/npc=16544,https://www.wowhead.com/tbc/de/npc=16544,
entries,16545,Ethereal Spellfilcher,Ethereal Spellfilcher,todo,false,https://www.wowhead.com/tbc/npc=16545,https://www.wowhead.com/tbc/de/npc=16545,
entries,16595,Fleshbeast,Fleshbeast,todo,false,https://www.wowhead.com/tbc/npc=16595,https://www.wowhead.com/tbc/de/npc=16595,
entries,16596,Greater Fleshbeast,Greater Fleshbeast,todo,false,https://www.wowhead.com/tbc/npc=16596,https://www.wowhead.com/tbc/de/npc=16596,
entries,17067,Phantom Hound,Phantom Hound,todo,false,https://www.wowhead.com/tbc/npc=17067,https://www.wowhead.com/tbc/de/npc=17067,
entries,17096,Astral Flare,Astral Flare,todo,false,https://www.wowhead.com/tbc/npc=17096,https://www.wowhead.com/tbc/de/npc=17096,
entries,17167,Astral Spark,Astral Spark,todo,false,https://www.wowhead.com/tbc/npc=17167,https://www.wowhead.com/tbc/de/npc=17167,
entries,17211,Human Footman,Human Footman,todo,false,https://www.wowhead.com/tbc/npc=17211,https://www.wowhead.com/tbc/de/npc=17211,
entries,17229,Infernal,Infernal,todo,false,https://www.wowhead.com/tbc/npc=17229,https://www.wowhead.com/tbc/de/npc=17229,
entries,17248,Demon Chains,Demon Chains,todo,false,https://www.wowhead.com/tbc/npc=17248,https://www.wowhead.com/tbc/de/npc=17248,
entries,17261,Restless Skeleton,Restless Skeleton,todo,false,https://www.wowhead.com/tbc/npc=17261,https://www.wowhead.com/tbc/de/npc=17261,
entries,17267,Fiendish Imp,Fiendish Imp,todo,false,https://www.wowhead.com/tbc/npc=17267,https://www.wowhead.com/tbc/de/npc=17267,
entries,17283,Astral Spark,Astral Spark,todo,false,https://www.wowhead.com/tbc/npc=17283,https://www.wowhead.com/tbc/de/npc=17283,
entries,17469,Orc Grunt,Orc Grunt,todo,false,https://www.wowhead.com/tbc/npc=17469,https://www.wowhead.com/tbc/de/npc=17469,
entries,17603,Grandmother,Grandmother,todo,false,https://www.wowhead.com/tbc/npc=17603,https://www.wowhead.com/tbc/de/npc=17603,
entries,21160,Conjured Water Elemental,Conjured Water Elemental,todo,false,https://www.wowhead.com/tbc/npc=21160,https://www.wowhead.com/tbc/de/npc=21160,
entries,21664,Human Charger,Human Charger,todo,false,https://www.wowhead.com/tbc/npc=21664,https://www.wowhead.com/tbc/de/npc=21664,
entries,21682,Human Cleric,Human Cleric,todo,false,https://www.wowhead.com/tbc/npc=21682,https://www.wowhead.com/tbc/de/npc=21682,
entries,21683,Human Conjurer,Human Conjurer,todo,false,https://www.wowhead.com/tbc/npc=21683,https://www.wowhead.com/tbc/de/npc=21683,
entries,21726,Summoned Daemon,Summoned Daemon,todo,false,https://www.wowhead.com/tbc/npc=21726,https://www.wowhead.com/tbc/de/npc=21726,
entries,21747,Orc Necrolyte,Orc Necrolyte,todo,false,https://www.wowhead.com/tbc/npc=21747,https://www.wowhead.com/tbc/de/npc=21747,
entries,21748,Orc Wolf,Orc Wolf,todo,false,https://www.wowhead.com/tbc/npc=21748,https://www.wowhead.com/tbc/de/npc=21748,
entries,21750,Orc Warlock,Orc Warlock,todo,false,https://www.wowhead.com/tbc/npc=21750,https://www.wowhead.com/tbc/de/npc=21750,
entries,18847,Wild Fel Stalker,Wild Fel Stalker,todo,false,https://www.wowhead.com/tbc/npc=18847,https://www.wowhead.com/tbc/de/npc=18847,
entries,19389,Lair Brute,Lair Brute,todo,false,https://www.wowhead.com/tbc/npc=19389,https://www.wowhead.com/tbc/de/npc=19389,
entries,21350,Gronn-Priest,Gronn-Priest,todo,false,https://www.wowhead.com/tbc/npc=21350,https://www.wowhead.com/tbc/de/npc=21350,
entries,17454,Burning Abyssal,Burning Abyssal,todo,false,https://www.wowhead.com/tbc/npc=17454,https://www.wowhead.com/tbc/de/npc=17454,
entries,18829,Hellfire Warder,Hellfire Warder,todo,false,https://www.wowhead.com/tbc/npc=18829,https://www.wowhead.com/tbc/de/npc=18829,
entries,23542,Amani'shi Axe Thrower,Amani'shi Axe Thrower,todo,false,https://www.wowhead.com/tbc/npc=23542,https://www.wowhead.com/tbc/de/npc=23542,
entries,23580,Amani'shi Warbringer,Amani'shi Warbringer,todo,false,https://www.wowhead.com/tbc/npc=23580,https://www.wowhead.com/tbc/de/npc=23580,
entries,23581,Amani'shi Medicine Man,Amani'shi Medicine Man,todo,false,https://www.wowhead.com/tbc/npc=23581,https://www.wowhead.com/tbc/de/npc=23581,
entries,23582,Amani'shi Tribesman,Amani'shi Tribesman,todo,false,https://www.wowhead.com/tbc/npc=23582,https://www.wowhead.com/tbc/de/npc=23582,
entries,23584,Amani Bear,Amani Bear,todo,false,https://www.wowhead.com/tbc/npc=23584,https://www.wowhead.com/tbc/de/npc=23584,
entries,23586,Amani'shi Scout,Amani'shi Scout,todo,false,https://www.wowhead.com/tbc/npc=23586,https://www.wowhead.com/tbc/de/npc=23586,
entries,23596,Amani'shi Flame Caster,Amani'shi Flame Caster,todo,false,https://www.wowhead.com/tbc/npc=23596,https://www.wowhead.com/tbc/de/npc=23596,
entries,23597,Amani'shi Guardian,Amani'shi Guardian,todo,false,https://www.wowhead.com/tbc/npc=23597,https://www.wowhead.com/tbc/de/npc=23597,
entries,23774,Amani'shi Trainer,Amani'shi Trainer,todo,false,https://www.wowhead.com/tbc/npc=23774,https://www.wowhead.com/tbc/de/npc=23774,
entries,23834,Amani Dragonhawk,Amani Dragonhawk,todo,false,https://www.wowhead.com/tbc/npc=23834,https://www.wowhead.com/tbc/de/npc=23834,
entries,23889,Amani'shi Savage,Amani'shi Savage,todo,false,https://www.wowhead.com/tbc/npc=23889,https://www.wowhead.com/tbc/de/npc=23889,
entries,24043,Amani Lynx,Amani Lynx,todo,false,https://www.wowhead.com/tbc/npc=24043,https://www.wowhead.com/tbc/de/npc=24043,
entries,24047,Amani Crocolisk,Amani Crocolisk,todo,false,https://www.wowhead.com/tbc/npc=24047,https://www.wowhead.com/tbc/de/npc=24047,
entries,24059,Amani'shi Beast Tamer,Amani'shi Beast Tamer,todo,false,https://www.wowhead.com/tbc/npc=24059,https://www.wowhead.com/tbc/de/npc=24059,
entries,24064,Amani Lynx Cub,Amani Lynx Cub,todo,false,https://www.wowhead.com/tbc/npc=24064,https://www.wowhead.com/tbc/de/npc=24064,
entries,24065,Amani'shi Handler,Amani'shi Handler,todo,false,https://www.wowhead.com/tbc/npc=24065,https://www.wowhead.com/tbc/de/npc=24065,
entries,24138,Tamed Amani Crocolisk,Tamed Amani Crocolisk,todo,false,https://www.wowhead.com/tbc/npc=24138,https://www.wowhead.com/tbc/de/npc=24138,
entries,24175,Amani'shi Lookout,Amani'shi Lookout,todo,false,https://www.wowhead.com/tbc/npc=24175,https://www.wowhead.com/tbc/de/npc=24175,
entries,24179,Amani'shi Wind Walker,Amani'shi Wind Walker,todo,false,https://www.wowhead.com/tbc/npc=24179,https://www.wowhead.com/tbc/de/npc=24179,
entries,24180,Amani'shi Protector,Amani'shi Protector,todo,false,https://www.wowhead.com/tbc/npc=24180,https://www.wowhead.com/tbc/de/npc=24180,
entries,24217,Amani Bear Mount,Amani Bear Mount,todo,false,https://www.wowhead.com/tbc/npc=24217,https://www.wowhead.com/tbc/de/npc=24217,
entries,24374,Amani'shi Berserker,Amani'shi Berserker,todo,false,https://www.wowhead.com/tbc/npc=24374,https://www.wowhead.com/tbc/de/npc=24374,
entries,24530,Amani Elder Lynx,Amani Elder Lynx,todo,false,https://www.wowhead.com/tbc/npc=24530,https://www.wowhead.com/tbc/de/npc=24530,
entries,24549,Amani'shi Tempest,Amani'shi Tempest,todo,false,https://www.wowhead.com/tbc/npc=24549,https://www.wowhead.com/tbc/de/npc=24549,
entries,16507,Shattered Hand Sentry,Shattered Hand Sentry,todo,false,https://www.wowhead.com/tbc/npc=16507,https://www.wowhead.com/tbc/de/npc=16507,
entries,16523,Shattered Hand Savage,Shattered Hand Savage,todo,false,https://www.wowhead.com/tbc/npc=16523,https://www.wowhead.com/tbc/de/npc=16523,
entries,16593,Shattered Hand Brawler,Shattered Hand Brawler,todo,false,https://www.wowhead.com/tbc/npc=16593,https://www.wowhead.com/tbc/de/npc=16593,
entries,16594,Shadowmoon Acolyte,Shadowmoon Acolyte,todo,false,https://www.wowhead.com/tbc/npc=16594,https://www.wowhead.com/tbc/de/npc=16594,
entries,16699,Shattered Hand Reaver,Shattered Hand Reaver,todo,false,https://www.wowhead.com/tbc/npc=16699,https://www.wowhead.com/tbc/de/npc=16699,
entries,16700,Shattered Hand Legionnaire,Shattered Hand Legionnaire,todo,false,https://www.wowhead.com/tbc/npc=16700,https://www.wowhead.com/tbc/de/npc=16700,
entries,16704,Shattered Hand Sharpshooter,Shattered Hand Sharpshooter,todo,false,https://www.wowhead.com/tbc/npc=16704,https://www.wowhead.com/tbc/de/npc=16704,
entries,17083,Fel Orc Convert,Fel Orc Convert,todo,false,https://www.wowhead.com/tbc/npc=17083,https://www.wowhead.com/tbc/de/npc=17083,
entries,17301,Shattered Hand Executioner,Shattered Hand Executioner,todo,false,https://www.wowhead.com/tbc/npc=17301,https://www.wowhead.com/tbc/de/npc=17301,
entries,17356,Creeping Ooze,Creeping Ooze,todo,false,https://www.wowhead.com/tbc/npc=17356,https://www.wowhead.com/tbc/de/npc=17356,
entries,17357,Creeping Oozeling,Creeping Oozeling,todo,false,https://www.wowhead.com/tbc/npc=17357,https://www.wowhead.com/tbc/de/npc=17357,
entries,17420,Shattered Hand Heathen,Shattered Hand Heathen,todo,false,https://www.wowhead.com/tbc/npc=17420,https://www.wowhead.com/tbc/de/npc=17420,
entries,17427,Shattered Hand Archer,Shattered Hand Archer,todo,false,https://www.wowhead.com/tbc/npc=17427,https://www.wowhead.com/tbc/de/npc=17427,
entries,17461,Shattered Hand Blood Guard,Shattered Hand Blood Guard,todo,false,https://www.wowhead.com/tbc/npc=17461,https://www.wowhead.com/tbc/de/npc=17461,
entries,17462,Shattered Hand Zealot,Shattered Hand Zealot,todo,false,https://www.wowhead.com/tbc/npc=17462,https://www.wowhead.com/tbc/de/npc=17462,
entries,17464,Shattered Hand Gladiator,Shattered Hand Gladiator,todo,false,https://www.wowhead.com/tbc/npc=17464,https://www.wowhead.com/tbc/de/npc=17464,
entries,17465,Shattered Hand Centurion,Shattered Hand Centurion,todo,false,https://www.wowhead.com/tbc/npc=17465,https://www.wowhead.com/tbc/de/npc=17465,
entries,17578,Hellfire Training Dummy,Hellfire Training Dummy,todo,false,https://www.wowhead.com/tbc/npc=17578,https://www.wowhead.com/tbc/de/npc=17578,
entries,17621,Heathen Guard,Heathen Guard,todo,false,https://www.wowhead.com/tbc/npc=17621,https://www.wowhead.com/tbc/de/npc=17621,
entries,17622,Sharpshooter Guard,Sharpshooter Guard,todo,false,https://www.wowhead.com/tbc/npc=17622,https://www.wowhead.com/tbc/de/npc=17622,
entries,17623,Reaver Guard,Reaver Guard,todo,false,https://www.wowhead.com/tbc/npc=17623,https://www.wowhead.com/tbc/de/npc=17623,
entries,17669,Rabid Warhound,Rabid Warhound,todo,false,https://www.wowhead.com/tbc/npc=17669,https://www.wowhead.com/tbc/de/npc=17669,
entries,17670,Shattered Hand Houndmaster,Shattered Hand Houndmaster,todo,false,https://www.wowhead.com/tbc/npc=17670,https://www.wowhead.com/tbc/de/npc=17670,
entries,17671,Shattered Hand Champion,Shattered Hand Champion,todo,false,https://www.wowhead.com/tbc/npc=17671,https://www.wowhead.com/tbc/de/npc=17671,
entries,17693,Shattered Hand Scout,Shattered Hand Scout,todo,false,https://www.wowhead.com/tbc/npc=17693,https://www.wowhead.com/tbc/de/npc=17693,
entries,17694,Shadowmoon Darkcaster,Shadowmoon Darkcaster,todo,false,https://www.wowhead.com/tbc/npc=17694,https://www.wowhead.com/tbc/de/npc=17694,
entries,17695,Shattered Hand Assassin,Shattered Hand Assassin,todo,false,https://www.wowhead.com/tbc/npc=17695,https://www.wowhead.com/tbc/de/npc=17695,
entries,20923,Blood Guard Porung,Blood Guard Porung,todo,false,https://www.wowhead.com/tbc/npc=20923,https://www.wowhead.com/tbc/de/npc=20923,
entries,17816,Bogstrok,Bogstrok,todo,false,https://www.wowhead.com/tbc/npc=17816,https://www.wowhead.com/tbc/de/npc=17816,
entries,17817,Greater Bogstrok,Greater Bogstrok,todo,false,https://www.wowhead.com/tbc/npc=17817,https://www.wowhead.com/tbc/de/npc=17817,
entries,17893,Naturalist Bite,Naturalist Bite,todo,false,https://www.wowhead.com/tbc/npc=17893,https://www.wowhead.com/tbc/de/npc=17893,
entries,17938,Coilfang Observer,Coilfang Observer,todo,false,https://www.wowhead.com/tbc/npc=17938,https://www.wowhead.com/tbc/de/npc=17938,
entries,17940,Coilfang Technician,Coilfang Technician,todo,false,https://www.wowhead.com/tbc/npc=17940,https://www.wowhead.com/tbc/de/npc=17940,
entries,17957,Coilfang Champion,Coilfang Champion,todo,false,https://www.wowhead.com/tbc/npc=17957,https://www.wowhead.com/tbc/de/npc=17957,
entries,17958,Coilfang Defender,Coilfang Defender,todo,false,https://www.wowhead.com/tbc/npc=17958,https://www.wowhead.com/tbc/de/npc=17958,
entries,17959,Coilfang Slavehandler,Coilfang Slavehandler,todo,false,https://www.wowhead.com/tbc/npc=17959,https://www.wowhead.com/tbc/de/npc=17959,
entries,17960,Coilfang Soothsayer,Coilfang Soothsayer,todo,false,https://www.wowhead.com/tbc/npc=17960,https://www.wowhead.com/tbc/de/npc=17960,
entries,17961,Coilfang Enchantress,Coilfang Enchantress,todo,false,https://www.wowhead.com/tbc/npc=17961,https://www.wowhead.com/tbc/de/npc=17961,
entries,17962,Coilfang Collaborator,Coilfang Collaborator,todo,false,https://www.wowhead.com/tbc/npc=17962,https://www.wowhead.com/tbc/de/npc=17962,
entries,17963,Wastewalker Slave,Wastewalker Slave,todo,false,https://www.wowhead.com/tbc/npc=17963,https://www.wowhead.com/tbc/de/npc=17963,
entries,17964,Wastewalker Worker,Wastewalker Worker,todo,false,https://www.wowhead.com/tbc/npc=17964,https://www.wowhead.com/tbc/de/npc=17964,
entries,18176,Tainted Earthgrab Totem,Tainted Earthgrab Totem,todo,false,https://www.wowhead.com/tbc/npc=18176,https://www.wowhead.com/tbc/de/npc=18176,
entries,18177,Tainted Stoneskin Totem,Tainted Stoneskin Totem,todo,false,https://www.wowhead.com/tbc/npc=18177,https://www.wowhead.com/tbc/de/npc=18177,
entries,18179,Corrupted Nova Totem,Corrupted Nova Totem,todo,false,https://www.wowhead.com/tbc/npc=18179,https://www.wowhead.com/tbc/de/npc=18179,
entries,20208,Mennu's Healing Ward,Mennu's Healing Ward,todo,false,https://www.wowhead.com/tbc/npc=20208,https://www.wowhead.com/tbc/de/npc=20208,
entries,21126,Coilfang Scale-Healer,Coilfang Scale-Healer,todo,false,https://www.wowhead.com/tbc/npc=21126,https://www.wowhead.com/tbc/de/npc=21126,
entries,21127,Coilfang Tempest,Coilfang Tempest,todo,false,https://www.wowhead.com/tbc/npc=21127,https://www.wowhead.com/tbc/de/npc=21127,
entries,21128,Coilfang Ray,Coilfang Ray,todo,false,https://www.wowhead.com/tbc/npc=21128,https://www.wowhead.com/tbc/de/npc=21128,
entries,17723,Bog Giant,Bog Giant,todo,false,https://www.wowhead.com/tbc/npc=17723,https://www.wowhead.com/tbc/de/npc=17723,
entries,17724,Underbat,Underbat,todo,false,https://www.wowhead.com/tbc/npc=17724,https://www.wowhead.com/tbc/de/npc=17724,
entries,17725,Underbog Lurker,Underbog Lurker,todo,false,https://www.wowhead.com/tbc/npc=17725,https://www.wowhead.com/tbc/de/npc=17725,
entries,17726,Wrathfin Myrmidon,Wrathfin Myrmidon,todo,false,https://www.wowhead.com/tbc/npc=17726,https://www.wowhead.com/tbc/de/npc=17726,
entries,17727,Wrathfin Sentry,Wrathfin Sentry,todo,false,https://www.wowhead.com/tbc/npc=17727,https://www.wowhead.com/tbc/de/npc=17727,
entries,17728,Murkblood Tribesman,Murkblood Tribesman,todo,false,https://www.wowhead.com/tbc/npc=17728,https://www.wowhead.com/tbc/de/npc=17728,
entries,17729,Murkblood Spearman,Murkblood Spearman,todo,false,https://www.wowhead.com/tbc/npc=17729,https://www.wowhead.com/tbc/de/npc=17729,
entries,17730,Murkblood Healer,Murkblood Healer,todo,false,https://www.wowhead.com/tbc/npc=17730,https://www.wowhead.com/tbc/de/npc=17730,
entries,17731,Fen Ray,Fen Ray,todo,false,https://www.wowhead.com/tbc/npc=17731,https://www.wowhead.com/tbc/de/npc=17731,
entries,17732,Lykul Wasp,Lykul Wasp,todo,false,https://www.wowhead.com/tbc/npc=17732,https://www.wowhead.com/tbc/de/npc=17732,
entries,17734,Underbog Lord,Underbog Lord,todo,false,https://www.wowhead.com/tbc/npc=17734,https://www.wowhead.com/tbc/de/npc=17734,
entries,17735,Wrathfin Warrior,Wrathfin Warrior,todo,false,https://www.wowhead.com/tbc/npc=17735,https://www.wowhead.com/tbc/de/npc=17735,
entries,17771,Murkblood Oracle,Murkblood Oracle,todo,false,https://www.wowhead.com/tbc/npc=17771,https://www.wowhead.com/tbc/de/npc=17771,
entries,17871,Underbog Shambler,Underbog Shambler,todo,false,https://www.wowhead.com/tbc/npc=17871,https://www.wowhead.com/tbc/de/npc=17871,
entries,17990,Underbog Mushroom,Underbog Mushroom,todo,false,https://www.wowhead.com/tbc/npc=17990,https://www.wowhead.com/tbc/de/npc=17990,
entries,18107,Overseer Tidewrath,Overseer Tidewrath,todo,false,https://www.wowhead.com/tbc/npc=18107,https://www.wowhead.com/tbc/de/npc=18107,
entries,19632,Lykul Stinger,Lykul Stinger,todo,false,https://www.wowhead.com/tbc/npc=19632,https://www.wowhead.com/tbc/de/npc=19632,
entries,20465,Underbog Frenzy,Underbog Frenzy,todo,false,https://www.wowhead.com/tbc/npc=20465,https://www.wowhead.com/tbc/de/npc=20465,
entries,22299,Spore Strider,Spore Strider,todo,false,https://www.wowhead.com/tbc/npc=22299,https://www.wowhead.com/tbc/de/npc=22299,
entries,17721,Coilfang Engineer,Coilfang Engineer,todo,false,https://www.wowhead.com/tbc/npc=17721,https://www.wowhead.com/tbc/de/npc=17721,
entries,17722,Coilfang Sorceress,Coilfang Sorceress,todo,false,https://www.wowhead.com/tbc/npc=17722,https://www.wowhead.com/tbc/de/npc=17722,
entries,17799,Warlord Kalithresh's Naga Distiller,Warlord Kalithresh's Naga Distiller,todo,false,https://www.wowhead.com/tbc/npc=17799,https://www.wowhead.com/tbc/de/npc=17799,
entries,17800,Coilfang Myrmidon,Coilfang Myrmidon,todo,false,https://www.wowhead.com/tbc/npc=17800,https://www.wowhead.com/tbc/de/npc=17800,
entries,17801,Coilfang Siren,Coilfang Siren,todo,false,https://www.wowhead.com/tbc/npc=17801,https://www.wowhead.com/tbc/de/npc=17801,
entries,17802,Coilfang Warrior,Coilfang Warrior,todo,false,https://www.wowhead.com/tbc/npc=17802,https://www.wowhead.com/tbc/de/npc=17802,
entries,17803,Coilfang Oracle,Coilfang Oracle,todo,false,https://www.wowhead.com/tbc/npc=17803,https://www.wowhead.com/tbc/de/npc=17803,
entries,17805,Coilfang Slavemaster,Coilfang Slavemaster,todo,false,https://www.wowhead.com/tbc/npc=17805,https://www.wowhead.com/tbc/de/npc=17805,
entries,17917,Coilfang Water Elemental,Coilfang Water Elemental,todo,false,https://www.wowhead.com/tbc/npc=17917,https://www.wowhead.com/tbc/de/npc=17917,
entries,17951,Steamrigger Mechanic,Steamrigger Mechanic,todo,false,https://www.wowhead.com/tbc/npc=17951,https://www.wowhead.com/tbc/de/npc=17951,
entries,21338,Coilfang Leper,Coilfang Leper,todo,false,https://www.wowhead.com/tbc/npc=21338,https://www.wowhead.com/tbc/de/npc=21338,
entries,21694,Bog Overlord,Bog Overlord,todo,false,https://www.wowhead.com/tbc/npc=21694,https://www.wowhead.com/tbc/de/npc=21694,
entries,21695,Tidal Surger,Tidal Surger,todo,false,https://www.wowhead.com/tbc/npc=21695,https://www.wowhead.com/tbc/de/npc=21695,
entries,21696,Steam Surger,Steam Surger,todo,false,https://www.wowhead.com/tbc/npc=21696,https://www.wowhead.com/tbc/de/npc=21696,
entries,22891,Second Fragment Guardian,Second Fragment Guardian,todo,false,https://www.wowhead.com/tbc/npc=22891,https://www.wowhead.com/tbc/de/npc=22891,
entries,18309,Ethereal Scavenger,Ethereal Scavenger,todo,false,https://www.wowhead.com/tbc/npc=18309,https://www.wowhead.com/tbc/de/npc=18309,
entries,18311,Ethereal Crypt Raider,Ethereal Crypt Raider,todo,false,https://www.wowhead.com/tbc/npc=18311,https://www.wowhead.com/tbc/de/npc=18311,
entries,18312,Ethereal Spellbinder,Ethereal Spellbinder,todo,false,https://www.wowhead.com/tbc/npc=18312,https://www.wowhead.com/tbc/de/npc=18312,
entries,18313,Ethereal Sorcerer,Ethereal Sorcerer,todo,false,https://www.wowhead.com/tbc/npc=18313,https://www.wowhead.com/tbc/de/npc=18313,
entries,18314,Nexus Stalker,Nexus Stalker,todo,false,https://www.wowhead.com/tbc/npc=18314,https://www.wowhead.com/tbc/de/npc=18314,
entries,18315,Ethereal Theurgist,Ethereal Theurgist,todo,false,https://www.wowhead.com/tbc/npc=18315,https://www.wowhead.com/tbc/de/npc=18315,
entries,18317,Ethereal Priest,Ethereal Priest,todo,false,https://www.wowhead.com/tbc/npc=18317,https://www.wowhead.com/tbc/de/npc=18317,
entries,18331,Ethereal Darkcaster,Ethereal Darkcaster,todo,false,https://www.wowhead.com/tbc/npc=18331,https://www.wowhead.com/tbc/de/npc=18331,
entries,18394,Ethereal Wraith,Ethereal Wraith,todo,false,https://www.wowhead.com/tbc/npc=18394,https://www.wowhead.com/tbc/de/npc=18394,
entries,18429,Arcane Fiend,Arcane Fiend,todo,false,https://www.wowhead.com/tbc/npc=18429,https://www.wowhead.com/tbc/de/npc=18429,
entries,18430,Ethereal Apprentice,Ethereal Apprentice,todo,false,https://www.wowhead.com/tbc/npc=18430,https://www.wowhead.com/tbc/de/npc=18430,
entries,18431,Ethereal Beacon,Ethereal Beacon,todo,false,https://www.wowhead.com/tbc/npc=18431,https://www.wowhead.com/tbc/de/npc=18431,
entries,19306,Mana Leech,Mana Leech,todo,false,https://www.wowhead.com/tbc/npc=19306,https://www.wowhead.com/tbc/de/npc=19306,
entries,19307,Nexus Terror,Nexus Terror,todo,false,https://www.wowhead.com/tbc/npc=19307,https://www.wowhead.com/tbc/de/npc=19307,
entries,17814,Lordaeron Watchman,Lordaeron Watchman,todo,false,https://www.wowhead.com/tbc/npc=17814,https://www.wowhead.com/tbc/de/npc=17814,
entries,17815,Lordaeron Sentry,Lordaeron Sentry,todo,false,https://www.wowhead.com/tbc/npc=17815,https://www.wowhead.com/tbc/de/npc=17815,
entries,17819,Durnholde Sentry,Durnholde Sentry,todo,false,https://www.wowhead.com/tbc/npc=17819,https://www.wowhead.com/tbc/de/npc=17819,
entries,17820,Durnholde Rifleman,Durnholde Rifleman,todo,false,https://www.wowhead.com/tbc/npc=17820,https://www.wowhead.com/tbc/de/npc=17820,
entries,17833,Durnholde Warden,Durnholde Warden,todo,false,https://www.wowhead.com/tbc/npc=17833,https://www.wowhead.com/tbc/de/npc=17833,
entries,17840,Durnholde Tracking Hound,Durnholde Tracking Hound,todo,false,https://www.wowhead.com/tbc/npc=17840,https://www.wowhead.com/tbc/de/npc=17840,
entries,17846,Pit Spectator,Pit Spectator,todo,false,https://www.wowhead.com/tbc/npc=17846,https://www.wowhead.com/tbc/de/npc=17846,
entries,17860,Durnholde Veteran,Durnholde Veteran,todo,false,https://www.wowhead.com/tbc/npc=17860,https://www.wowhead.com/tbc/de/npc=17860,
entries,18092,Tarren Mill Guardsman,Tarren Mill Guardsman,todo,false,https://www.wowhead.com/tbc/npc=18092,https://www.wowhead.com/tbc/de/npc=18092,
entries,18093,Tarren Mill Protector,Tarren Mill Protector,todo,false,https://www.wowhead.com/tbc/npc=18093,https://www.wowhead.com/tbc/de/npc=18093,
entries,18094,Tarren Mill Lookout,Tarren Mill Lookout,todo,false,https://www.wowhead.com/tbc/npc=18094,https://www.wowhead.com/tbc/de/npc=18094,
entries,18170,Infinite Slayer,Infinite Slayer,todo,false,https://www.wowhead.com/tbc/npc=18170,https://www.wowhead.com/tbc/de/npc=18170,
entries,18171,Infinite Defiler,Infinite Defiler,todo,false,https://www.wowhead.com/tbc/npc=18171,https://www.wowhead.com/tbc/de/npc=18171,
entries,18172,Infinite Saboteur,Infinite Saboteur,todo,false,https://www.wowhead.com/tbc/npc=18172,https://www.wowhead.com/tbc/de/npc=18172,
entries,18673,Pit Announcer,Pit Announcer,todo,false,https://www.wowhead.com/tbc/npc=18673,https://www.wowhead.com/tbc/de/npc=18673,
entries,18764,Durnholde Armorer,Durnholde Armorer,todo,false,https://www.wowhead.com/tbc/npc=18764,https://www.wowhead.com/tbc/de/npc=18764,
entries,18765,Durnholde Cook,Durnholde Cook,todo,false,https://www.wowhead.com/tbc/npc=18765,https://www.wowhead.com/tbc/de/npc=18765,
entries,18934,Durnholde Mage,Durnholde Mage,todo,false,https://www.wowhead.com/tbc/npc=18934,https://www.wowhead.com/tbc/de/npc=18934,
entries,26650,Durnholde Captain,Durnholde Captain,todo,false,https://www.wowhead.com/tbc/npc=26650,https://www.wowhead.com/tbc/de/npc=26650,
entries,28163,Guerrero,Guerrero,todo,false,https://www.wowhead.com/tbc/npc=28163,https://www.wowhead.com/tbc/de/npc=28163,
entries,17023,Shadow Council Enforcer,Shadow Council Enforcer,todo,false,https://www.wowhead.com/tbc/npc=17023,https://www.wowhead.com/tbc/de/npc=17023,
entries,17835,Infinite Assassin,Infinite Assassin,todo,false,https://www.wowhead.com/tbc/npc=17835,https://www.wowhead.com/tbc/de/npc=17835,
entries,17839,Rift Lord,Rift Lord,todo,false,https://www.wowhead.com/tbc/npc=17839,https://www.wowhead.com/tbc/de/npc=17839,
entries,17892,Infinite Chronomancer,Infinite Chronomancer,todo,false,https://www.wowhead.com/tbc/npc=17892,https://www.wowhead.com/tbc/de/npc=17892,
entries,17918,Time Keeper,Time Keeper,todo,false,https://www.wowhead.com/tbc/npc=17918,https://www.wowhead.com/tbc/de/npc=17918,
entries,17952,Darkwater Crocolisk,Darkwater Crocolisk,todo,false,https://www.wowhead.com/tbc/npc=17952,https://www.wowhead.com/tbc/de/npc=17952,
entries,18982,Sable Jaguar,Sable Jaguar,todo,false,https://www.wowhead.com/tbc/npc=18982,https://www.wowhead.com/tbc/de/npc=18982,
entries,18983,Blackfang Tarantula,Blackfang Tarantula,todo,false,https://www.wowhead.com/tbc/npc=18983,https://www.wowhead.com/tbc/de/npc=18983,
entries,18994,Infinite Executioner,Infinite Executioner,todo,false,https://www.wowhead.com/tbc/npc=18994,https://www.wowhead.com/tbc/de/npc=18994,
entries,18995,Infinite Vanquisher,Infinite Vanquisher,todo,false,https://www.wowhead.com/tbc/npc=18995,https://www.wowhead.com/tbc/de/npc=18995,
entries,20201,Sa'at,Sa'at,todo,false,https://www.wowhead.com/tbc/npc=20201,https://www.wowhead.com/tbc/de/npc=20201,
entries,21104,Rift Keeper,Rift Keeper,todo,false,https://www.wowhead.com/tbc/npc=21104,https://www.wowhead.com/tbc/de/npc=21104,
entries,21697,Infinite Chrono-Lord,Infinite Chrono-Lord,todo,false,https://www.wowhead.com/tbc/npc=21697,https://www.wowhead.com/tbc/de/npc=21697,
entries,21698,Infinite Timereaver,Infinite Timereaver,todo,false,https://www.wowhead.com/tbc/npc=21698,https://www.wowhead.com/tbc/de/npc=21698,
entries,21818,Infinite Whelp,Infinite Whelp,todo,false,https://www.wowhead.com/tbc/npc=21818,https://www.wowhead.com/tbc/de/npc=21818,
entries,19166,Tempest-Forge Patroller,Tempest-Forge Patroller,todo,false,https://www.wowhead.com/tbc/npc=19166,https://www.wowhead.com/tbc/de/npc=19166,
entries,19167,Bloodwarder Slayer,Bloodwarder Slayer,todo,false,https://www.wowhead.com/tbc/npc=19167,https://www.wowhead.com/tbc/de/npc=19167,
entries,19168,Sunseeker Astromage,Sunseeker Astromage,todo,false,https://www.wowhead.com/tbc/npc=19168,https://www.wowhead.com/tbc/de/npc=19168,
entries,19231,Mechanar Crusher,Mechanar Crusher,todo,false,https://www.wowhead.com/tbc/npc=19231,https://www.wowhead.com/tbc/de/npc=19231,
entries,19510,Bloodwarder Centurion,Bloodwarder Centurion,todo,false,https://www.wowhead.com/tbc/npc=19510,https://www.wowhead.com/tbc/de/npc=19510,
entries,19710,Gatewatcher Iron-Hand,Gatewatcher Iron-Hand,todo,false,https://www.wowhead.com/tbc/npc=19710,https://www.wowhead.com/tbc/de/npc=19710,
entries,19712,Mechanar Driller,Mechanar Driller,todo,false,https://www.wowhead.com/tbc/npc=19712,https://www.wowhead.com/tbc/de/npc=19712,
entries,19713,Mechanar Wrecker,Mechanar Wrecker,todo,false,https://www.wowhead.com/tbc/npc=19713,https://www.wowhead.com/tbc/de/npc=19713,
entries,19716,Mechanar Tinkerer,Mechanar Tinkerer,todo,false,https://www.wowhead.com/tbc/npc=19716,https://www.wowhead.com/tbc/de/npc=19716,
entries,19735,Tempest-Forge Destroyer,Tempest-Forge Destroyer,todo,false,https://www.wowhead.com/tbc/npc=19735,https://www.wowhead.com/tbc/de/npc=19735,
entries,20059,Sunseeker Netherbinder,Sunseeker Netherbinder,todo,false,https://www.wowhead.com/tbc/npc=20059,https://www.wowhead.com/tbc/de/npc=20059,
entries,20478,Arcane Servant,Arcane Servant,todo,false,https://www.wowhead.com/tbc/npc=20478,https://www.wowhead.com/tbc/de/npc=20478,
entries,20481,Nether Charge,Nether Charge,todo,false,https://www.wowhead.com/tbc/npc=20481,https://www.wowhead.com/tbc/de/npc=20481,
entries,20988,Sunseeker Engineer,Sunseeker Engineer,todo,false,https://www.wowhead.com/tbc/npc=20988,https://www.wowhead.com/tbc/de/npc=20988,
entries,20990,Bloodwarder Physician,Bloodwarder Physician,todo,false,https://www.wowhead.com/tbc/npc=20990,https://www.wowhead.com/tbc/de/npc=20990,
entries,21062,Nether Wraith,Nether Wraith,todo,false,https://www.wowhead.com/tbc/npc=21062,https://www.wowhead.com/tbc/de/npc=21062,
entries,17993,Bloodwarder Protector,Bloodwarder Protector,todo,false,https://www.wowhead.com/tbc/npc=17993,https://www.wowhead.com/tbc/de/npc=17993,
entries,17994,Bloodwarder Falconer,Bloodwarder Falconer,todo,false,https://www.wowhead.com/tbc/npc=17994,https://www.wowhead.com/tbc/de/npc=17994,
entries,18155,Bloodfalcon,Bloodfalcon,todo,false,https://www.wowhead.com/tbc/npc=18155,https://www.wowhead.com/tbc/de/npc=18155,
entries,18404,Bloodwarder Steward,Bloodwarder Steward,todo,false,https://www.wowhead.com/tbc/npc=18404,https://www.wowhead.com/tbc/de/npc=18404,
entries,18405,Tempest-Forge Peacekeeper,Tempest-Forge Peacekeeper,todo,false,https://www.wowhead.com/tbc/npc=18405,https://www.wowhead.com/tbc/de/npc=18405,
entries,18419,Bloodwarder Greenkeeper,Bloodwarder Greenkeeper,todo,false,https://www.wowhead.com/tbc/npc=18419,https://www.wowhead.com/tbc/de/npc=18419,
entries,18420,Sunseeker Geomancer,Sunseeker Geomancer,todo,false,https://www.wowhead.com/tbc/npc=18420,https://www.wowhead.com/tbc/de/npc=18420,
entries,18421,Sunseeker Researcher,Sunseeker Researcher,todo,false,https://www.wowhead.com/tbc/npc=18421,https://www.wowhead.com/tbc/de/npc=18421,
entries,18422,Sunseeker Botanist,Sunseeker Botanist,todo,false,https://www.wowhead.com/tbc/npc=18422,https://www.wowhead.com/tbc/de/npc=18422,
entries,18587,Frayer,Frayer,todo,false,https://www.wowhead.com/tbc/npc=18587,https://www.wowhead.com/tbc/de/npc=18587,
entries,19486,Sunseeker Chemist,Sunseeker Chemist,todo,false,https://www.wowhead.com/tbc/npc=19486,https://www.wowhead.com/tbc/de/npc=19486,
entries,19505,Sunseeker Channeler,Sunseeker Channeler,todo,false,https://www.wowhead.com/tbc/npc=19505,https://www.wowhead.com/tbc/de/npc=19505,
entries,19507,Sunseeker Gene-Splicer,Sunseeker Gene-Splicer,todo,false,https://www.wowhead.com/tbc/npc=19507,https://www.wowhead.com/tbc/de/npc=19507,
entries,19508,Sunseeker Herbalist,Sunseeker Herbalist,todo,false,https://www.wowhead.com/tbc/npc=19508,https://www.wowhead.com/tbc/de/npc=19508,
entries,19509,Sunseeker Harvester,Sunseeker Harvester,todo,false,https://www.wowhead.com/tbc/npc=19509,https://www.wowhead.com/tbc/de/npc=19509,
entries,19511,Nethervine Inciter,Nethervine Inciter,todo,false,https://www.wowhead.com/tbc/npc=19511,https://www.wowhead.com/tbc/de/npc=19511,
entries,19512,Nethervine Reaper,Nethervine Reaper,todo,false,https://www.wowhead.com/tbc/npc=19512,https://www.wowhead.com/tbc/de/npc=19512,
entries,19513,Mutate Fear-Shrieker,Mutate Fear-Shrieker,todo,false,https://www.wowhead.com/tbc/npc=19513,https://www.wowhead.com/tbc/de/npc=19513,
entries,19557,Greater Frayer,Greater Frayer,todo,false,https://www.wowhead.com/tbc/npc=19557,https://www.wowhead.com/tbc/de/npc=19557,
entries,19598,Mutate Fleshlasher,Mutate Fleshlasher,todo,false,https://www.wowhead.com/tbc/npc=19598,https://www.wowhead.com/tbc/de/npc=19598,
entries,19608,Frayer Wildling,Frayer Wildling,todo,false,https://www.wowhead.com/tbc/npc=19608,https://www.wowhead.com/tbc/de/npc=19608,
entries,19633,Bloodwarder Mender,Bloodwarder Mender,todo,false,https://www.wowhead.com/tbc/npc=19633,https://www.wowhead.com/tbc/de/npc=19633,
entries,19843,Nethervine Trickster,Nethervine Trickster,todo,false,https://www.wowhead.com/tbc/npc=19843,https://www.wowhead.com/tbc/de/npc=19843,
entries,19865,Mutate Horror,Mutate Horror,todo,false,https://www.wowhead.com/tbc/npc=19865,https://www.wowhead.com/tbc/de/npc=19865,
entries,19919,Thorn Lasher,Thorn Lasher,todo,false,https://www.wowhead.com/tbc/npc=19919,https://www.wowhead.com/tbc/de/npc=19919,
entries,19920,Thorn Flayer,Thorn Flayer,todo,false,https://www.wowhead.com/tbc/npc=19920,https://www.wowhead.com/tbc/de/npc=19920,
entries,19949,Sapling,Sapling,todo,false,https://www.wowhead.com/tbc/npc=19949,https://www.wowhead.com/tbc/de/npc=19949,
entries,19953,Frayer Protector,Frayer Protector,todo,false,https://www.wowhead.com/tbc/npc=19953,https://www.wowhead.com/tbc/de/npc=19953,
entries,19958,White Seedling,White Seedling,todo,false,https://www.wowhead.com/tbc/npc=19958,https://www.wowhead.com/tbc/de/npc=19958,
entries,19962,Blue Seedling,Blue Seedling,todo,false,https://www.wowhead.com/tbc/npc=19962,https://www.wowhead.com/tbc/de/npc=19962,
entries,19964,Red Seedling,Red Seedling,todo,false,https://www.wowhead.com/tbc/npc=19964,https://www.wowhead.com/tbc/de/npc=19964,
entries,19969,Green Seedling,Green Seedling,todo,false,https://www.wowhead.com/tbc/npc=19969,https://www.wowhead.com/tbc/de/npc=19969,
entries,20078,Summoned Bloodwarder Reservist,Summoned Bloodwarder Reservist,todo,false,https://www.wowhead.com/tbc/npc=20078,https://www.wowhead.com/tbc/de/npc=20078,
entries,20083,Summoned Bloodwarder Mender,Summoned Bloodwarder Mender,todo,false,https://www.wowhead.com/tbc/npc=20083,https://www.wowhead.com/tbc/de/npc=20083,
entries,25354,Mutate Fleshlasher,Mutate Fleshlasher,todo,false,https://www.wowhead.com/tbc/npc=25354,https://www.wowhead.com/tbc/de/npc=25354,
entries,20857,Arcatraz Defender,Arcatraz Defender,todo,false,https://www.wowhead.com/tbc/npc=20857,https://www.wowhead.com/tbc/de/npc=20857,
entries,20859,Arcatraz Warder,Arcatraz Warder,todo,false,https://www.wowhead.com/tbc/npc=20859,https://www.wowhead.com/tbc/de/npc=20859,
entries,20864,Protean Nightmare,Protean Nightmare,todo,false,https://www.wowhead.com/tbc/npc=20864,https://www.wowhead.com/tbc/de/npc=20864,
entries,20865,Protean Horror,Protean Horror,todo,false,https://www.wowhead.com/tbc/npc=20865,https://www.wowhead.com/tbc/de/npc=20865,
entries,20866,Soul Devourer,Soul Devourer,todo,false,https://www.wowhead.com/tbc/npc=20866,https://www.wowhead.com/tbc/de/npc=20866,
entries,20867,Death Watcher,Death Watcher,todo,false,https://www.wowhead.com/tbc/npc=20867,https://www.wowhead.com/tbc/de/npc=20867,
entries,20868,Entropic Eye,Entropic Eye,todo,false,https://www.wowhead.com/tbc/npc=20868,https://www.wowhead.com/tbc/de/npc=20868,
entries,20869,Arcatraz Sentinel,Arcatraz Sentinel,todo,false,https://www.wowhead.com/tbc/npc=20869,https://www.wowhead.com/tbc/de/npc=20869,
entries,20873,Negaton Warp-Master,Negaton Warp-Master,todo,false,https://www.wowhead.com/tbc/npc=20873,https://www.wowhead.com/tbc/de/npc=20873,
entries,20875,Negaton Screamer,Negaton Screamer,todo,false,https://www.wowhead.com/tbc/npc=20875,https://www.wowhead.com/tbc/de/npc=20875,
entries,20879,Eredar Soul-Eater,Eredar Soul-Eater,todo,false,https://www.wowhead.com/tbc/npc=20879,https://www.wowhead.com/tbc/de/npc=20879,
entries,20880,Eredar Deathbringer,Eredar Deathbringer,todo,false,https://www.wowhead.com/tbc/npc=20880,https://www.wowhead.com/tbc/de/npc=20880,
entries,20881,Unbound Devastator,Unbound Devastator,todo,false,https://www.wowhead.com/tbc/npc=20881,https://www.wowhead.com/tbc/de/npc=20881,
entries,20882,Skulking Witch,Skulking Witch,todo,false,https://www.wowhead.com/tbc/npc=20882,https://www.wowhead.com/tbc/de/npc=20882,
entries,20883,Spiteful Temptress,Spiteful Temptress,todo,false,https://www.wowhead.com/tbc/npc=20883,https://www.wowhead.com/tbc/de/npc=20883,
entries,20896,Ethereum Slayer,Ethereum Slayer,todo,false,https://www.wowhead.com/tbc/npc=20896,https://www.wowhead.com/tbc/de/npc=20896,
entries,20897,Ethereum Wave-Caster,Ethereum Wave-Caster,todo,false,https://www.wowhead.com/tbc/npc=20897,https://www.wowhead.com/tbc/de/npc=20897,
entries,20898,Gargantuan Abyssal,Gargantuan Abyssal,todo,false,https://www.wowhead.com/tbc/npc=20898,https://www.wowhead.com/tbc/de/npc=20898,
entries,20900,Unchained Doombringer,Unchained Doombringer,todo,false,https://www.wowhead.com/tbc/npc=20900,https://www.wowhead.com/tbc/de/npc=20900,
entries,20901,Sargeron Archer,Sargeron Archer,todo,false,https://www.wowhead.com/tbc/npc=20901,https://www.wowhead.com/tbc/de/npc=20901,
entries,20902,Sargeron Hellcaller,Sargeron Hellcaller,todo,false,https://www.wowhead.com/tbc/npc=20902,https://www.wowhead.com/tbc/de/npc=20902,
entries,20906,Phase-Hunter,Phase-Hunter,todo,false,https://www.wowhead.com/tbc/npc=20906,https://www.wowhead.com/tbc/de/npc=20906,
entries,20908,Akkiris Lightning-Waker,Akkiris Lightning-Waker,todo,false,https://www.wowhead.com/tbc/npc=20908,https://www.wowhead.com/tbc/de/npc=20908,
entries,20909,Sulfuron Magma-Thrower,Sulfuron Magma-Thrower,todo,false,https://www.wowhead.com/tbc/npc=20909,https://www.wowhead.com/tbc/de/npc=20909,
entries,20910,Twilight Drakonaar,Twilight Drakonaar,todo,false,https://www.wowhead.com/tbc/npc=20910,https://www.wowhead.com/tbc/de/npc=20910,
entries,20911,Blackwing Drakonaar,Blackwing Drakonaar,todo,false,https://www.wowhead.com/tbc/npc=20911,https://www.wowhead.com/tbc/de/npc=20911,
entries,21303,Defender Corpse,Defender Corpse,todo,false,https://www.wowhead.com/tbc/npc=21303,https://www.wowhead.com/tbc/de/npc=21303,
entries,21346,Sightless Eye,Sightless Eye,todo,false,https://www.wowhead.com/tbc/npc=21346,https://www.wowhead.com/tbc/de/npc=21346,
entries,21395,Protean Spawn,Protean Spawn,todo,false,https://www.wowhead.com/tbc/npc=21395,https://www.wowhead.com/tbc/de/npc=21395,
entries,21702,Ethereum Life-Binder,Ethereum Life-Binder,todo,false,https://www.wowhead.com/tbc/npc=21702,https://www.wowhead.com/tbc/de/npc=21702,
entries,22892,Third Fragment Guardian,Third Fragment Guardian,todo,false,https://www.wowhead.com/tbc/npc=22892,https://www.wowhead.com/tbc/de/npc=22892,
entries,24552,Sliver,Sliver,todo,false,https://www.wowhead.com/tbc/npc=24552,https://www.wowhead.com/tbc/de/npc=24552,
entries,24554,Eramas Brightblaze,Eramas Brightblaze,todo,false,https://www.wowhead.com/tbc/npc=24554,https://www.wowhead.com/tbc/de/npc=24554,
entries,24557,Kagani Nightstrike,Kagani Nightstrike,todo,false,https://www.wowhead.com/tbc/npc=24557,https://www.wowhead.com/tbc/de/npc=24557,
entries,24558,Ellrys Duskhallow,Ellrys Duskhallow,todo,false,https://www.wowhead.com/tbc/npc=24558,https://www.wowhead.com/tbc/de/npc=24558,
entries,24656,Fizzle,Fizzle,todo,false,https://www.wowhead.com/tbc/npc=24656,https://www.wowhead.com/tbc/de/npc=24656,
entries,24674,Phoenix,Phoenix,todo,false,https://www.wowhead.com/tbc/npc=24674,https://www.wowhead.com/tbc/de/npc=24674,
entries,24675,Phoenix Egg,Phoenix Egg,todo,false,https://www.wowhead.com/tbc/npc=24675,https://www.wowhead.com/tbc/de/npc=24675,
entries,24683,Sunblade Mage Guard,Sunblade Mage Guard,todo,false,https://www.wowhead.com/tbc/npc=24683,https://www.wowhead.com/tbc/de/npc=24683,
entries,24684,Sunblade Blood Knight,Sunblade Blood Knight,todo,false,https://www.wowhead.com/tbc/npc=24684,https://www.wowhead.com/tbc/de/npc=24684,
entries,24685,Sunblade Magister,Sunblade Magister,todo,false,https://www.wowhead.com/tbc/npc=24685,https://www.wowhead.com/tbc/de/npc=24685,
entries,24686,Sunblade Warlock,Sunblade Warlock,todo,false,https://www.wowhead.com/tbc/npc=24686,https://www.wowhead.com/tbc/de/npc=24686,
entries,24687,Sunblade Physician,Sunblade Physician,todo,false,https://www.wowhead.com/tbc/npc=24687,https://www.wowhead.com/tbc/de/npc=24687,
entries,24688,Wretched Skulker,Wretched Skulker,todo,false,https://www.wowhead.com/tbc/npc=24688,https://www.wowhead.com/tbc/de/npc=24688,
entries,24689,Wretched Bruiser,Wretched Bruiser,todo,false,https://www.wowhead.com/tbc/npc=24689,https://www.wowhead.com/tbc/de/npc=24689,
entries,24690,Wretched Husk,Wretched Husk,todo,false,https://www.wowhead.com/tbc/npc=24690,https://www.wowhead.com/tbc/de/npc=24690,
entries,24696,Coilskar Witch,Coilskar Witch,todo,false,https://www.wowhead.com/tbc/npc=24696,https://www.wowhead.com/tbc/de/npc=24696,
entries,24697,Sister of Torment,Sister of Torment,todo,false,https://www.wowhead.com/tbc/npc=24697,https://www.wowhead.com/tbc/de/npc=24697,
entries,24698,Ethereum Smuggler,Ethereum Smuggler,todo,false,https://www.wowhead.com/tbc/npc=24698,https://www.wowhead.com/tbc/de/npc=24698,
entries,24722,Fel Crystal,Fel Crystal,todo,false,https://www.wowhead.com/tbc/npc=24722,https://www.wowhead.com/tbc/de/npc=24722,
entries,24745,Pure Energy,Pure Energy,todo,false,https://www.wowhead.com/tbc/npc=24745,https://www.wowhead.com/tbc/de/npc=24745,
entries,24761,Brightscale Wyrm,Brightscale Wyrm,todo,false,https://www.wowhead.com/tbc/npc=24761,https://www.wowhead.com/tbc/de/npc=24761,
entries,24762,Sunblade Keeper,Sunblade Keeper,todo,false,https://www.wowhead.com/tbc/npc=24762,https://www.wowhead.com/tbc/de/npc=24762,
entries,24777,Sunblade Sentinel,Sunblade Sentinel,todo,false,https://www.wowhead.com/tbc/npc=24777,https://www.wowhead.com/tbc/de/npc=24777,
entries,24781,Nether Energy,Nether Energy,todo,false,https://www.wowhead.com/tbc/npc=24781,https://www.wowhead.com/tbc/de/npc=24781,
entries,24815,Sunblade Imp,Sunblade Imp,todo,false,https://www.wowhead.com/tbc/npc=24815,https://www.wowhead.com/tbc/de/npc=24815,
entries,21218,Vashj'ir Honor Guard,Vashj'ir Honor Guard,todo,false,https://www.wowhead.com/tbc/npc=21218,https://www.wowhead.com/tbc/de/npc=21218,
entries,21220,Coilfang Priestess,Coilfang Priestess,todo,false,https://www.wowhead.com/tbc/npc=21220,https://www.wowhead.com/tbc/de/npc=21220,
entries,21221,Coilfang Beast-Tamer,Coilfang Beast-Tamer,todo,false,https://www.wowhead.com/tbc/npc=21221,https://www.wowhead.com/tbc/de/npc=21221,
entries,21224,Tidewalker Depth-Seer,Tidewalker Depth-Seer,todo,false,https://www.wowhead.com/tbc/npc=21224,https://www.wowhead.com/tbc/de/npc=21224,
entries,21225,Tidewalker Warrior,Tidewalker Warrior,todo,false,https://www.wowhead.com/tbc/npc=21225,https://www.wowhead.com/tbc/de/npc=21225,
entries,21226,Tidewalker Shaman,Tidewalker Shaman,todo,false,https://www.wowhead.com/tbc/npc=21226,https://www.wowhead.com/tbc/de/npc=21226,
entries,21227,Tidewalker Harpooner,Tidewalker Harpooner,todo,false,https://www.wowhead.com/tbc/npc=21227,https://www.wowhead.com/tbc/de/npc=21227,
entries,21228,Tidewalker Hydromancer,Tidewalker Hydromancer,todo,false,https://www.wowhead.com/tbc/npc=21228,https://www.wowhead.com/tbc/de/npc=21228,
entries,21229,Greyheart Tidecaller,Greyheart Tidecaller,todo,false,https://www.wowhead.com/tbc/npc=21229,https://www.wowhead.com/tbc/de/npc=21229,
entries,21230,Greyheart Nether-Mage,Greyheart Nether-Mage,todo,false,https://www.wowhead.com/tbc/npc=21230,https://www.wowhead.com/tbc/de/npc=21230,
entries,21231,Greyheart Shield-Bearer,Greyheart Shield-Bearer,todo,false,https://www.wowhead.com/tbc/npc=21231,https://www.wowhead.com/tbc/de/npc=21231,
entries,21232,Greyheart Skulker,Greyheart Skulker,todo,false,https://www.wowhead.com/tbc/npc=21232,https://www.wowhead.com/tbc/de/npc=21232,
entries,21246,Serpentshrine Sporebat,Serpentshrine Sporebat,todo,false,https://www.wowhead.com/tbc/npc=21246,https://www.wowhead.com/tbc/de/npc=21246,
entries,21251,Underbog Colossus,Underbog Colossus,todo,false,https://www.wowhead.com/tbc/npc=21251,https://www.wowhead.com/tbc/de/npc=21251,
entries,21253,Tainted Water Elemental,Tainted Water Elemental,todo,false,https://www.wowhead.com/tbc/npc=21253,https://www.wowhead.com/tbc/de/npc=21253,
entries,21263,Greyheart Technician,Greyheart Technician,todo,false,https://www.wowhead.com/tbc/npc=21263,https://www.wowhead.com/tbc/de/npc=21263,
entries,21298,Coilfang Serpentguard,Coilfang Serpentguard,todo,false,https://www.wowhead.com/tbc/npc=21298,https://www.wowhead.com/tbc/de/npc=21298,
entries,21299,Coilfang Fathom-Witch,Coilfang Fathom-Witch,todo,false,https://www.wowhead.com/tbc/npc=21299,https://www.wowhead.com/tbc/de/npc=21299,
entries,21301,Coilfang Shatterer,Coilfang Shatterer,todo,false,https://www.wowhead.com/tbc/npc=21301,https://www.wowhead.com/tbc/de/npc=21301,
entries,21339,Coilfang Hate-Screamer,Coilfang Hate-Screamer,todo,false,https://www.wowhead.com/tbc/npc=21339,https://www.wowhead.com/tbc/de/npc=21339,
entries,21508,Coilfang Frenzy,Coilfang Frenzy,todo,false,https://www.wowhead.com/tbc/npc=21508,https://www.wowhead.com/tbc/de/npc=21508,
entries,21806,Greyheart Spellbinder,Greyheart Spellbinder,todo,false,https://www.wowhead.com/tbc/npc=21806,https://www.wowhead.com/tbc/de/npc=21806,
entries,21857,Inner Demon,Inner Demon,todo,false,https://www.wowhead.com/tbc/npc=21857,https://www.wowhead.com/tbc/de/npc=21857,
entries,21863,Serpentshrine Lurker,Serpentshrine Lurker,todo,false,https://www.wowhead.com/tbc/npc=21863,https://www.wowhead.com/tbc/de/npc=21863,
entries,21865,Coilfang Ambusher,Coilfang Ambusher,todo,false,https://www.wowhead.com/tbc/npc=21865,https://www.wowhead.com/tbc/de/npc=21865,
entries,21873,Coilfang Guardian,Coilfang Guardian,todo,false,https://www.wowhead.com/tbc/npc=21873,https://www.wowhead.com/tbc/de/npc=21873,
entries,21875,Shadow of Leotheras,Shadow of Leotheras,todo,false,https://www.wowhead.com/tbc/npc=21875,https://www.wowhead.com/tbc/de/npc=21875,
entries,21920,Tidewalker Lurker,Tidewalker Lurker,todo,false,https://www.wowhead.com/tbc/npc=21920,https://www.wowhead.com/tbc/de/npc=21920,
entries,21958,Enchanted Elemental,Enchanted Elemental,todo,false,https://www.wowhead.com/tbc/npc=21958,https://www.wowhead.com/tbc/de/npc=21958,
entries,22009,Tainted Elemental,Tainted Elemental,todo,false,https://www.wowhead.com/tbc/npc=22009,https://www.wowhead.com/tbc/de/npc=22009,
entries,22035,Pure Spawn of Hydross,Pure Spawn of Hydross,todo,false,https://www.wowhead.com/tbc/npc=22035,https://www.wowhead.com/tbc/de/npc=22035,
entries,22036,Tainted Spawn of Hydross,Tainted Spawn of Hydross,todo,false,https://www.wowhead.com/tbc/npc=22036,https://www.wowhead.com/tbc/de/npc=22036,
entries,22055,Coilfang Elite,Coilfang Elite,todo,false,https://www.wowhead.com/tbc/npc=22055,https://www.wowhead.com/tbc/de/npc=22055,
entries,22056,Coilfang Strider,Coilfang Strider,todo,false,https://www.wowhead.com/tbc/npc=22056,https://www.wowhead.com/tbc/de/npc=22056,
entries,22119,Fathom Lurker,Fathom Lurker,todo,false,https://www.wowhead.com/tbc/npc=22119,https://www.wowhead.com/tbc/de/npc=22119,
entries,22120,Fathom Sporebat,Fathom Sporebat,todo,false,https://www.wowhead.com/tbc/npc=22120,https://www.wowhead.com/tbc/de/npc=22120,
entries,22238,Serpentshrine Tidecaller,Serpentshrine Tidecaller,todo,false,https://www.wowhead.com/tbc/npc=22238,https://www.wowhead.com/tbc/de/npc=22238,
entries,22250,Rancid Mushroom,Rancid Mushroom,todo,false,https://www.wowhead.com/tbc/npc=22250,https://www.wowhead.com/tbc/de/npc=22250,
entries,22347,Colossus Lurker,Colossus Lurker,todo,false,https://www.wowhead.com/tbc/npc=22347,https://www.wowhead.com/tbc/de/npc=22347,
entries,22352,Colossus Rager,Colossus Rager,todo,false,https://www.wowhead.com/tbc/npc=22352,https://www.wowhead.com/tbc/de/npc=22352,
entries,22820,Seer Olum,Seer Olum,todo,false,https://www.wowhead.com/tbc/npc=22820,https://www.wowhead.com/tbc/de/npc=22820,
entries,18806,Solarium Priest,Solarium Priest,todo,false,https://www.wowhead.com/tbc/npc=18806,https://www.wowhead.com/tbc/de/npc=18806,
entries,18925,Solarium Agent,Solarium Agent,todo,false,https://www.wowhead.com/tbc/npc=18925,https://www.wowhead.com/tbc/de/npc=18925,
entries,19551,Ember of Al'ar,Ember of Al'ar,todo,false,https://www.wowhead.com/tbc/npc=19551,https://www.wowhead.com/tbc/de/npc=19551,
entries,20031,Bloodwarder Legionnaire,Bloodwarder Legionnaire,todo,false,https://www.wowhead.com/tbc/npc=20031,https://www.wowhead.com/tbc/de/npc=20031,
entries,20032,Bloodwarder Vindicator,Bloodwarder Vindicator,todo,false,https://www.wowhead.com/tbc/npc=20032,https://www.wowhead.com/tbc/de/npc=20032,
entries,20033,Astromancer,Astromancer,todo,false,https://www.wowhead.com/tbc/npc=20033,https://www.wowhead.com/tbc/de/npc=20033,
entries,20034,Star Scryer,Star Scryer,todo,false,https://www.wowhead.com/tbc/npc=20034,https://www.wowhead.com/tbc/de/npc=20034,
entries,20035,Bloodwarder Marshal,Bloodwarder Marshal,todo,false,https://www.wowhead.com/tbc/npc=20035,https://www.wowhead.com/tbc/de/npc=20035,
entries,20036,Bloodwarder Squire,Bloodwarder Squire,todo,false,https://www.wowhead.com/tbc/npc=20036,https://www.wowhead.com/tbc/de/npc=20036,
entries,20037,Tempest Falconer,Tempest Falconer,todo,false,https://www.wowhead.com/tbc/npc=20037,https://www.wowhead.com/tbc/de/npc=20037,
entries,20038,Phoenix-Hawk Hatchling,Phoenix-Hawk Hatchling,todo,false,https://www.wowhead.com/tbc/npc=20038,https://www.wowhead.com/tbc/de/npc=20038,
entries,20039,Phoenix-Hawk,Phoenix-Hawk,todo,false,https://www.wowhead.com/tbc/npc=20039,https://www.wowhead.com/tbc/de/npc=20039,
entries,20040,Crystalcore Devastator,Crystalcore Devastator,todo,false,https://www.wowhead.com/tbc/npc=20040,https://www.wowhead.com/tbc/de/npc=20040,
entries,20041,Crystalcore Sentinel,Crystalcore Sentinel,todo,false,https://www.wowhead.com/tbc/npc=20041,https://www.wowhead.com/tbc/de/npc=20041,
entries,20042,Tempest-Smith,Tempest-Smith,todo,false,https://www.wowhead.com/tbc/npc=20042,https://www.wowhead.com/tbc/de/npc=20042,
entries,20043,Apprentice Star Scryer,Apprentice Star Scryer,todo,false,https://www.wowhead.com/tbc/npc=20043,https://www.wowhead.com/tbc/de/npc=20043,
entries,20044,Novice Astromancer,Novice Astromancer,todo,false,https://www.wowhead.com/tbc/npc=20044,https://www.wowhead.com/tbc/de/npc=20044,
entries,20045,Nether Scryer,Nether Scryer,todo,false,https://www.wowhead.com/tbc/npc=20045,https://www.wowhead.com/tbc/de/npc=20045,
entries,20046,Astromancer Lord,Astromancer Lord,todo,false,https://www.wowhead.com/tbc/npc=20046,https://www.wowhead.com/tbc/de/npc=20046,
entries,20047,Crimson Hand Battle Mage,Crimson Hand Battle Mage,todo,false,https://www.wowhead.com/tbc/npc=20047,https://www.wowhead.com/tbc/de/npc=20047,
entries,20048,Crimson Hand Centurion,Crimson Hand Centurion,todo,false,https://www.wowhead.com/tbc/npc=20048,https://www.wowhead.com/tbc/de/npc=20048,
entries,20049,Crimson Hand Blood Knight,Crimson Hand Blood Knight,todo,false,https://www.wowhead.com/tbc/npc=20049,https://www.wowhead.com/tbc/de/npc=20049,
entries,20050,Crimson Hand Inquisitor,Crimson Hand Inquisitor,todo,false,https://www.wowhead.com/tbc/npc=20050,https://www.wowhead.com/tbc/de/npc=20050,
entries,20052,Crystalcore Mechanic,Crystalcore Mechanic,todo,false,https://www.wowhead.com/tbc/npc=20052,https://www.wowhead.com/tbc/de/npc=20052,
entries,21268,Netherstrand Longbow,Netherstrand Longbow,todo,false,https://www.wowhead.com/tbc/npc=21268,https://www.wowhead.com/tbc/de/npc=21268,
entries,21269,Devastation,Devastation,todo,false,https://www.wowhead.com/tbc/npc=21269,https://www.wowhead.com/tbc/de/npc=21269,
entries,21270,Cosmic Infuser,Cosmic Infuser,todo,false,https://www.wowhead.com/tbc/npc=21270,https://www.wowhead.com/tbc/de/npc=21270,
entries,21271,Infinity Blades,Infinity Blades,todo,false,https://www.wowhead.com/tbc/npc=21271,https://www.wowhead.com/tbc/de/npc=21271,
entries,21272,Warp Slicer,Warp Slicer,todo,false,https://www.wowhead.com/tbc/npc=21272,https://www.wowhead.com/tbc/de/npc=21272,
entries,21273,Phaseshift Bulwark,Phaseshift Bulwark,todo,false,https://www.wowhead.com/tbc/npc=21273,https://www.wowhead.com/tbc/de/npc=21273,
entries,21274,Staff of Disintegration,Staff of Disintegration,todo,false,https://www.wowhead.com/tbc/npc=21274,https://www.wowhead.com/tbc/de/npc=21274,
entries,21362,Phoenix,Phoenix,todo,false,https://www.wowhead.com/tbc/npc=21362,https://www.wowhead.com/tbc/de/npc=21362,
entries,21364,Phoenix Egg,Phoenix Egg,todo,false,https://www.wowhead.com/tbc/npc=21364,https://www.wowhead.com/tbc/de/npc=21364,
entries,17818,Towering Infernal,Towering Infernal,todo,false,https://www.wowhead.com/tbc/npc=17818,https://www.wowhead.com/tbc/de/npc=17818,
entries,17864,Lesser Doomguard,Lesser Doomguard,todo,false,https://www.wowhead.com/tbc/npc=17864,https://www.wowhead.com/tbc/de/npc=17864,
entries,17895,Ghoul,Ghoul,todo,false,https://www.wowhead.com/tbc/npc=17895,https://www.wowhead.com/tbc/de/npc=17895,
entries,17897,Crypt Fiend,Crypt Fiend,todo,false,https://www.wowhead.com/tbc/npc=17897,https://www.wowhead.com/tbc/de/npc=17897,
entries,17898,Abomination,Abomination,todo,false,https://www.wowhead.com/tbc/npc=17898,https://www.wowhead.com/tbc/de/npc=17898,
entries,17899,Shadowy Necromancer,Shadowy Necromancer,todo,false,https://www.wowhead.com/tbc/npc=17899,https://www.wowhead.com/tbc/de/npc=17899,
entries,17902,Skeleton Invader,Skeleton Invader,todo,false,https://www.wowhead.com/tbc/npc=17902,https://www.wowhead.com/tbc/de/npc=17902,
entries,17903,Skeleton Mage,Skeleton Mage,todo,false,https://www.wowhead.com/tbc/npc=17903,https://www.wowhead.com/tbc/de/npc=17903,
entries,17905,Banshee,Banshee,todo,false,https://www.wowhead.com/tbc/npc=17905,https://www.wowhead.com/tbc/de/npc=17905,
entries,17906,Gargoyle,Gargoyle,todo,false,https://www.wowhead.com/tbc/npc=17906,https://www.wowhead.com/tbc/de/npc=17906,
entries,17907,Frost Wyrm,Frost Wyrm,todo,false,https://www.wowhead.com/tbc/npc=17907,https://www.wowhead.com/tbc/de/npc=17907,
entries,17908,Giant Infernal,Giant Infernal,todo,false,https://www.wowhead.com/tbc/npc=17908,https://www.wowhead.com/tbc/de/npc=17908,
entries,17916,Fel Stalker,Fel Stalker,todo,false,https://www.wowhead.com/tbc/npc=17916,https://www.wowhead.com/tbc/de/npc=17916,
entries,22844,Ashtongue Battlelord,Ashtongue Battlelord,todo,false,https://www.wowhead.com/tbc/npc=22844,https://www.wowhead.com/tbc/de/npc=22844,
entries,22845,Ashtongue Mystic,Ashtongue Mystic,todo,false,https://www.wowhead.com/tbc/npc=22845,https://www.wowhead.com/tbc/de/npc=22845,
entries,22846,Ashtongue Stormcaller,Ashtongue Stormcaller,todo,false,https://www.wowhead.com/tbc/npc=22846,https://www.wowhead.com/tbc/de/npc=22846,
entries,22847,Ashtongue Primalist,Ashtongue Primalist,todo,false,https://www.wowhead.com/tbc/npc=22847,https://www.wowhead.com/tbc/de/npc=22847,
entries,22848,Storm Fury,Storm Fury,todo,false,https://www.wowhead.com/tbc/npc=22848,https://www.wowhead.com/tbc/de/npc=22848,
entries,22849,Ashtongue Feral Spirit,Ashtongue Feral Spirit,todo,false,https://www.wowhead.com/tbc/npc=22849,https://www.wowhead.com/tbc/de/npc=22849,
entries,22853,Illidari Defiler,Illidari Defiler,todo,false,https://www.wowhead.com/tbc/npc=22853,https://www.wowhead.com/tbc/de/npc=22853,
entries,22855,Illidari Nightlord,Illidari Nightlord,todo,false,https://www.wowhead.com/tbc/npc=22855,https://www.wowhead.com/tbc/de/npc=22855,
entries,22869,Illidari Boneslicer,Illidari Boneslicer,todo,false,https://www.wowhead.com/tbc/npc=22869,https://www.wowhead.com/tbc/de/npc=22869,
entries,22873,Coilskar General,Coilskar General,todo,false,https://www.wowhead.com/tbc/npc=22873,https://www.wowhead.com/tbc/de/npc=22873,
entries,22874,Coilskar Harpooner,Coilskar Harpooner,todo,false,https://www.wowhead.com/tbc/npc=22874,https://www.wowhead.com/tbc/de/npc=22874,
entries,22875,Coilskar Sea-Caller,Coilskar Sea-Caller,todo,false,https://www.wowhead.com/tbc/npc=22875,https://www.wowhead.com/tbc/de/npc=22875,
entries,22876,Coilskar Soothsayer,Coilskar Soothsayer,todo,false,https://www.wowhead.com/tbc/npc=22876,https://www.wowhead.com/tbc/de/npc=22876,
entries,22877,Coilskar Wrangler,Coilskar Wrangler,todo,false,https://www.wowhead.com/tbc/npc=22877,https://www.wowhead.com/tbc/de/npc=22877,
entries,22878,Aqueous Lord,Aqueous Lord,todo,false,https://www.wowhead.com/tbc/npc=22878,https://www.wowhead.com/tbc/de/npc=22878,
entries,22879,Shadowmoon Reaver,Shadowmoon Reaver,todo,false,https://www.wowhead.com/tbc/npc=22879,https://www.wowhead.com/tbc/de/npc=22879,
entries,22880,Shadowmoon Champion,Shadowmoon Champion,todo,false,https://www.wowhead.com/tbc/npc=22880,https://www.wowhead.com/tbc/de/npc=22880,
entries,22881,Aqueous Surger,Aqueous Surger,todo,false,https://www.wowhead.com/tbc/npc=22881,https://www.wowhead.com/tbc/de/npc=22881,
entries,22882,Shadowmoon Deathshaper,Shadowmoon Deathshaper,todo,false,https://www.wowhead.com/tbc/npc=22882,https://www.wowhead.com/tbc/de/npc=22882,
entries,22883,Aqueous Spawn,Aqueous Spawn,todo,false,https://www.wowhead.com/tbc/npc=22883,https://www.wowhead.com/tbc/de/npc=22883,
entries,22884,Leviathan,Leviathan,todo,false,https://www.wowhead.com/tbc/npc=22884,https://www.wowhead.com/tbc/de/npc=22884,
entries,22885,Dragon Turtle,Dragon Turtle,todo,false,https://www.wowhead.com/tbc/npc=22885,https://www.wowhead.com/tbc/de/npc=22885,
entries,22929,Greater Shadowfiend,Greater Shadowfiend,todo,false,https://www.wowhead.com/tbc/npc=22929,https://www.wowhead.com/tbc/de/npc=22929,
entries,22939,Temple Concubine,Temple Concubine,todo,false,https://www.wowhead.com/tbc/npc=22939,https://www.wowhead.com/tbc/de/npc=22939,
entries,22945,Shadowmoon Blood Mage,Shadowmoon Blood Mage,todo,false,https://www.wowhead.com/tbc/npc=22945,https://www.wowhead.com/tbc/de/npc=22945,
entries,22946,Shadowmoon War Hound,Shadowmoon War Hound,todo,false,https://www.wowhead.com/tbc/npc=22946,https://www.wowhead.com/tbc/de/npc=22946,
entries,22953,Wrathbone Flayer,Wrathbone Flayer,todo,false,https://www.wowhead.com/tbc/npc=22953,https://www.wowhead.com/tbc/de/npc=22953,
entries,22954,Illidari Fearbringer,Illidari Fearbringer,todo,false,https://www.wowhead.com/tbc/npc=22954,https://www.wowhead.com/tbc/de/npc=22954,
entries,22955,Charming Courtesan,Charming Courtesan,todo,false,https://www.wowhead.com/tbc/npc=22955,https://www.wowhead.com/tbc/de/npc=22955,
entries,22956,Sister of Pain,Sister of Pain,todo,false,https://www.wowhead.com/tbc/npc=22956,https://www.wowhead.com/tbc/de/npc=22956,
entries,22957,Priestess of Dementia,Priestess of Dementia,todo,false,https://www.wowhead.com/tbc/npc=22957,https://www.wowhead.com/tbc/de/npc=22957,
entries,22959,Spellbound Attendant,Spellbound Attendant,todo,false,https://www.wowhead.com/tbc/npc=22959,https://www.wowhead.com/tbc/de/npc=22959,
entries,22960,Dragonmaw Wyrmcaller,Dragonmaw Wyrmcaller,todo,false,https://www.wowhead.com/tbc/npc=22960,https://www.wowhead.com/tbc/de/npc=22960,
entries,22962,Priestess of Delight,Priestess of Delight,todo,false,https://www.wowhead.com/tbc/npc=22962,https://www.wowhead.com/tbc/de/npc=22962,
entries,22963,Bonechewer Worker,Bonechewer Worker,todo,false,https://www.wowhead.com/tbc/npc=22963,https://www.wowhead.com/tbc/de/npc=22963,
entries,22964,Sister of Pleasure,Sister of Pleasure,todo,false,https://www.wowhead.com/tbc/npc=22964,https://www.wowhead.com/tbc/de/npc=22964,
entries,22965,Enslaved Servant,Enslaved Servant,todo,false,https://www.wowhead.com/tbc/npc=22965,https://www.wowhead.com/tbc/de/npc=22965,
entries,23018,Shadowmoon Houndmaster,Shadowmoon Houndmaster,todo,false,https://www.wowhead.com/tbc/npc=23018,https://www.wowhead.com/tbc/de/npc=23018,
entries,23028,Bonechewer Taskmaster,Bonechewer Taskmaster,todo,false,https://www.wowhead.com/tbc/npc=23028,https://www.wowhead.com/tbc/de/npc=23028,
entries,23030,Dragonmaw Sky Stalker,Dragonmaw Sky Stalker,todo,false,https://www.wowhead.com/tbc/npc=23030,https://www.wowhead.com/tbc/de/npc=23030,
entries,23047,Shadowmoon Soldier,Shadowmoon Soldier,todo,false,https://www.wowhead.com/tbc/npc=23047,https://www.wowhead.com/tbc/de/npc=23047,
entries,23049,Shadowmoon Weapon Master,Shadowmoon Weapon Master,todo,false,https://www.wowhead.com/tbc/npc=23049,https://www.wowhead.com/tbc/de/npc=23049,
entries,23083,Shadowmoon Riding Hound,Shadowmoon Riding Hound,todo,false,https://www.wowhead.com/tbc/npc=23083,https://www.wowhead.com/tbc/de/npc=23083,
entries,23109,Vengeful Spirit,Vengeful Spirit,todo,false,https://www.wowhead.com/tbc/npc=23109,https://www.wowhead.com/tbc/de/npc=23109,
entries,23111,Shadowy Construct,Shadowy Construct,todo,false,https://www.wowhead.com/tbc/npc=23111,https://www.wowhead.com/tbc/de/npc=23111,
entries,23147,Shadowmoon Grunt,Shadowmoon Grunt,todo,false,https://www.wowhead.com/tbc/npc=23147,https://www.wowhead.com/tbc/de/npc=23147,
entries,23196,Bonechewer Behemoth,Bonechewer Behemoth,todo,false,https://www.wowhead.com/tbc/npc=23196,https://www.wowhead.com/tbc/de/npc=23196,
entries,23215,Ashtongue Sorcerer,Ashtongue Sorcerer,todo,false,https://www.wowhead.com/tbc/npc=23215,https://www.wowhead.com/tbc/de/npc=23215,
entries,23216,Ashtongue Defender,Ashtongue Defender,todo,false,https://www.wowhead.com/tbc/npc=23216,https://www.wowhead.com/tbc/de/npc=23216,
entries,23222,Bonechewer Brawler,Bonechewer Brawler,todo,false,https://www.wowhead.com/tbc/npc=23222,https://www.wowhead.com/tbc/de/npc=23222,
entries,23223,Bonechewer Spectator,Bonechewer Spectator,todo,false,https://www.wowhead.com/tbc/npc=23223,https://www.wowhead.com/tbc/de/npc=23223,
entries,23232,Mutant War Hound,Mutant War Hound,todo,false,https://www.wowhead.com/tbc/npc=23232,https://www.wowhead.com/tbc/de/npc=23232,
entries,23235,Bonechewer Blade Fury,Bonechewer Blade Fury,todo,false,https://www.wowhead.com/tbc/npc=23235,https://www.wowhead.com/tbc/de/npc=23235,
entries,23236,Bonechewer Shield Disciple,Bonechewer Shield Disciple,todo,false,https://www.wowhead.com/tbc/npc=23236,https://www.wowhead.com/tbc/de/npc=23236,
entries,23237,Bonechewer Blood Prophet,Bonechewer Blood Prophet,todo,false,https://www.wowhead.com/tbc/npc=23237,https://www.wowhead.com/tbc/de/npc=23237,
entries,23239,Bonechewer Combatant,Bonechewer Combatant,todo,false,https://www.wowhead.com/tbc/npc=23239,https://www.wowhead.com/tbc/de/npc=23239,
entries,23318,Ashtongue Rogue,Ashtongue Rogue,todo,false,https://www.wowhead.com/tbc/npc=23318,https://www.wowhead.com/tbc/de/npc=23318,
entries,23319,Ashtongue Broken,Ashtongue Broken,todo,false,https://www.wowhead.com/tbc/npc=23319,https://www.wowhead.com/tbc/de/npc=23319,
entries,23330,Dragonmaw Wind Reaver,Dragonmaw Wind Reaver,todo,false,https://www.wowhead.com/tbc/npc=23330,https://www.wowhead.com/tbc/de/npc=23330,
entries,23337,Illidari Centurion,Illidari Centurion,todo,false,https://www.wowhead.com/tbc/npc=23337,https://www.wowhead.com/tbc/de/npc=23337,
entries,23339,Illidari Heartseeker,Illidari Heartseeker,todo,false,https://www.wowhead.com/tbc/npc=23339,https://www.wowhead.com/tbc/de/npc=23339,
entries,23371,Shadowmoon Fallen,Shadowmoon Fallen,todo,false,https://www.wowhead.com/tbc/npc=23371,https://www.wowhead.com/tbc/de/npc=23371,
entries,23374,Ashtongue Stalker,Ashtongue Stalker,todo,false,https://www.wowhead.com/tbc/npc=23374,https://www.wowhead.com/tbc/de/npc=23374,
entries,23389,Fallen Ally,Fallen Ally,todo,false,https://www.wowhead.com/tbc/npc=23389,https://www.wowhead.com/tbc/de/npc=23389,
entries,23394,Promenade Sentinel,Promenade Sentinel,todo,false,https://www.wowhead.com/tbc/npc=23394,https://www.wowhead.com/tbc/de/npc=23394,
entries,23397,Illidari Blood Lord,Illidari Blood Lord,todo,false,https://www.wowhead.com/tbc/npc=23397,https://www.wowhead.com/tbc/de/npc=23397,
entries,23398,Angered Soul Fragment,Angered Soul Fragment,todo,false,https://www.wowhead.com/tbc/npc=23398,https://www.wowhead.com/tbc/de/npc=23398,
entries,23399,Suffering Soul Fragment,Suffering Soul Fragment,todo,false,https://www.wowhead.com/tbc/npc=23399,https://www.wowhead.com/tbc/de/npc=23399,
entries,23400,Illidari Archon,Illidari Archon,todo,false,https://www.wowhead.com/tbc/npc=23400,https://www.wowhead.com/tbc/de/npc=23400,
entries,23401,Hungering Soul Fragment,Hungering Soul Fragment,todo,false,https://www.wowhead.com/tbc/npc=23401,https://www.wowhead.com/tbc/de/npc=23401,
entries,23402,Illidari Battle-mage,Illidari Battle-mage,todo,false,https://www.wowhead.com/tbc/npc=23402,https://www.wowhead.com/tbc/de/npc=23402,
entries,23403,Illidari Assassin,Illidari Assassin,todo,false,https://www.wowhead.com/tbc/npc=23403,https://www.wowhead.com/tbc/de/npc=23403,
entries,23421,Ashtongue Channeler,Ashtongue Channeler,todo,false,https://www.wowhead.com/tbc/npc=23421,https://www.wowhead.com/tbc/de/npc=23421,
entries,23436,Image of Dementia,Image of Dementia,todo,false,https://www.wowhead.com/tbc/npc=23436,https://www.wowhead.com/tbc/de/npc=23436,
entries,23469,Enslaved Soul,Enslaved Soul,todo,false,https://www.wowhead.com/tbc/npc=23469,https://www.wowhead.com/tbc/de/npc=23469,
entries,23498,Parasitic Shadowfiend,Parasitic Shadowfiend,todo,false,https://www.wowhead.com/tbc/npc=23498,https://www.wowhead.com/tbc/de/npc=23498,
entries,23523,Ashtongue Elementalist,Ashtongue Elementalist,todo,false,https://www.wowhead.com/tbc/npc=23523,https://www.wowhead.com/tbc/de/npc=23523,
entries,23524,Ashtongue Spiritbinder,Ashtongue Spiritbinder,todo,false,https://www.wowhead.com/tbc/npc=23524,https://www.wowhead.com/tbc/de/npc=23524,
entries,25268,Unyielding Dead,Unyielding Dead,todo,false,https://www.wowhead.com/tbc/npc=25268,https://www.wowhead.com/tbc/de/npc=25268,
entries,25363,Sunblade Cabalist,Sunblade Cabalist,todo,false,https://www.wowhead.com/tbc/npc=25363,https://www.wowhead.com/tbc/de/npc=25363,
entries,25367,Sunblade Arch Mage,Sunblade Arch Mage,todo,false,https://www.wowhead.com/tbc/npc=25367,https://www.wowhead.com/tbc/de/npc=25367,
entries,25368,Sunblade Slayer,Sunblade Slayer,todo,false,https://www.wowhead.com/tbc/npc=25368,https://www.wowhead.com/tbc/de/npc=25368,
entries,25369,Sunblade Vindicator,Sunblade Vindicator,todo,false,https://www.wowhead.com/tbc/npc=25369,https://www.wowhead.com/tbc/de/npc=25369,
entries,25370,Sunblade Dusk Priest,Sunblade Dusk Priest,todo,false,https://www.wowhead.com/tbc/npc=25370,https://www.wowhead.com/tbc/de/npc=25370,
entries,25371,Sunblade Dawn Priest,Sunblade Dawn Priest,todo,false,https://www.wowhead.com/tbc/npc=25371,https://www.wowhead.com/tbc/de/npc=25371,
entries,25372,Sunblade Scout,Sunblade Scout,todo,false,https://www.wowhead.com/tbc/npc=25372,https://www.wowhead.com/tbc/de/npc=25372,
entries,25373,Shadowsword Soulbinder,Shadowsword Soulbinder,todo,false,https://www.wowhead.com/tbc/npc=25373,https://www.wowhead.com/tbc/de/npc=25373,
entries,25483,Shadowsword Manafiend,Shadowsword Manafiend,todo,false,https://www.wowhead.com/tbc/npc=25483,https://www.wowhead.com/tbc/de/npc=25483,
entries,25484,Shadowsword Assassin,Shadowsword Assassin,todo,false,https://www.wowhead.com/tbc/npc=25484,https://www.wowhead.com/tbc/de/npc=25484,
entries,25485,Shadowsword Deathbringer,Shadowsword Deathbringer,todo,false,https://www.wowhead.com/tbc/npc=25485,https://www.wowhead.com/tbc/de/npc=25485,
entries,25486,Shadowsword Vanquisher,Shadowsword Vanquisher,todo,false,https://www.wowhead.com/tbc/npc=25486,https://www.wowhead.com/tbc/de/npc=25486,
entries,25502,Shield Orb,Shield Orb,todo,false,https://www.wowhead.com/tbc/npc=25502,https://www.wowhead.com/tbc/de/npc=25502,
entries,25506,Shadowsword Lifeshaper,Shadowsword Lifeshaper,todo,false,https://www.wowhead.com/tbc/npc=25506,https://www.wowhead.com/tbc/de/npc=25506,
entries,25507,Sunblade Protector,Sunblade Protector,todo,false,https://www.wowhead.com/tbc/npc=25507,https://www.wowhead.com/tbc/de/npc=25507,
entries,25508,Shadowsword Guardian,Shadowsword Guardian,todo,false,https://www.wowhead.com/tbc/npc=25508,https://www.wowhead.com/tbc/de/npc=25508,
entries,25509,Priestess of Torment,Priestess of Torment,todo,false,https://www.wowhead.com/tbc/npc=25509,https://www.wowhead.com/tbc/de/npc=25509,
entries,25588,Hand of the Deceiver,Hand of the Deceiver,todo,false,https://www.wowhead.com/tbc/npc=25588,https://www.wowhead.com/tbc/de/npc=25588,
entries,25591,Painbringer,Painbringer,todo,false,https://www.wowhead.com/tbc/npc=25591,https://www.wowhead.com/tbc/de/npc=25591,
entries,25592,Doomfire Destroyer,Doomfire Destroyer,todo,false,https://www.wowhead.com/tbc/npc=25592,https://www.wowhead.com/tbc/de/npc=25592,
entries,25593,Apocalypse Guard,Apocalypse Guard,todo,false,https://www.wowhead.com/tbc/npc=25593,https://www.wowhead.com/tbc/de/npc=25593,
entries,25595,Chaos Gazer,Chaos Gazer,todo,false,https://www.wowhead.com/tbc/npc=25595,https://www.wowhead.com/tbc/de/npc=25595,
entries,25597,Oblivion Mage,Oblivion Mage,todo,false,https://www.wowhead.com/tbc/npc=25597,https://www.wowhead.com/tbc/de/npc=25597,
entries,25598,Volatile Felfire Fiend,Volatile Felfire Fiend,todo,false,https://www.wowhead.com/tbc/npc=25598,https://www.wowhead.com/tbc/de/npc=25598,
entries,25599,Cataclysm Hound,Cataclysm Hound,todo,false,https://www.wowhead.com/tbc/npc=25599,https://www.wowhead.com/tbc/de/npc=25599,
entries,25708,Sinister Reflection,Sinister Reflection,todo,false,https://www.wowhead.com/tbc/npc=25708,https://www.wowhead.com/tbc/de/npc=25708,
entries,25744,Dark Fiend,Dark Fiend,todo,false,https://www.wowhead.com/tbc/npc=25744,https://www.wowhead.com/tbc/de/npc=25744,
entries,25772,Void Sentinel,Void Sentinel,todo,false,https://www.wowhead.com/tbc/npc=25772,https://www.wowhead.com/tbc/de/npc=25772,
entries,25798,Shadowsword Berserker,Shadowsword Berserker,todo,false,https://www.wowhead.com/tbc/npc=25798,https://www.wowhead.com/tbc/de/npc=25798,
entries,25799,Shadowsword Fury Mage,Shadowsword Fury Mage,todo,false,https://www.wowhead.com/tbc/npc=25799,https://www.wowhead.com/tbc/de/npc=25799,
entries,25824,Void Spawn,Void Spawn,todo,false,https://www.wowhead.com/tbc/npc=25824,https://www.wowhead.com/tbc/de/npc=25824,
entries,25837,Shadowsword Commander,Shadowsword Commander,todo,false,https://www.wowhead.com/tbc/npc=25837,https://www.wowhead.com/tbc/de/npc=25837,
entries,25851,Volatile Fiend,Volatile Fiend,todo,false,https://www.wowhead.com/tbc/npc=25851,https://www.wowhead.com/tbc/de/npc=25851,
entries,25867,Sunblade Dragonhawk,Sunblade Dragonhawk,todo,false,https://www.wowhead.com/tbc/npc=25867,https://www.wowhead.com/tbc/de/npc=25867,
entries,25948,Doomfire Shard,Doomfire Shard,todo,false,https://www.wowhead.com/tbc/npc=25948,https://www.wowhead.com/tbc/de/npc=25948,
entries,26101,Fire Fiend,Fire Fiend,todo,false,https://www.wowhead.com/tbc/npc=26101,https://www.wowhead.com/tbc/de/npc=26101,
